MSSubClass,LotFrontage,LotShape,X1stFlrSF,TotalBsmtSF,GrLivArea,FireplaceQu,GarageArea,Heating,ExterQual,MasVnrArea,BsmtFinSF1,BsmtUnfSF,CentralAir,SalePrice
60,65,Reg,856,856,1710,NA,548,GasA,Gd,196,706,150,Y,208500
20,80,Reg,1262,1262,1262,TA,460,GasA,TA,0,978,284,Y,181500
60,68,IR1,920,920,1786,TA,608,GasA,Gd,162,486,434,Y,223500
70,60,IR1,961,756,1717,Gd,642,GasA,TA,0,216,540,Y,140000
60,84,IR1,1145,1145,2198,TA,836,GasA,Gd,350,655,490,Y,250000
50,85,IR1,796,796,1362,NA,480,GasA,TA,0,732,64,Y,143000
20,75,Reg,1694,1686,1694,Gd,636,GasA,Gd,186,1369,317,Y,307000
60,NA,IR1,1107,1107,2090,TA,484,GasA,TA,240,859,216,Y,200000
50,51,Reg,1022,952,1774,TA,468,GasA,TA,0,0,952,Y,129900
190,50,Reg,1077,991,1077,TA,205,GasA,TA,0,851,140,Y,118000
20,70,Reg,1040,1040,1040,NA,384,GasA,TA,0,906,134,Y,129500
60,85,IR1,1182,1175,2324,Gd,736,GasA,Ex,286,998,177,Y,345000
20,NA,IR2,912,912,912,NA,352,GasA,TA,0,737,175,Y,144000
20,91,IR1,1494,1494,1494,Gd,840,GasA,Gd,306,0,1494,Y,279500
20,NA,IR1,1253,1253,1253,Fa,352,GasA,TA,212,733,520,Y,157000
45,51,Reg,854,832,854,NA,576,GasA,TA,0,0,832,Y,132000
20,NA,IR1,1004,1004,1004,TA,480,GasA,TA,180,578,426,Y,149000
90,72,Reg,1296,0,1296,NA,516,GasA,TA,0,0,0,Y,90000
20,66,Reg,1114,1114,1114,NA,576,GasA,TA,0,646,468,Y,159000
20,70,Reg,1339,1029,1339,NA,294,GasA,TA,0,504,525,Y,139000
60,101,IR1,1158,1158,2376,Gd,853,GasA,Gd,380,0,1158,Y,325300
45,57,Reg,1108,637,1108,Gd,280,GasA,TA,0,0,637,Y,139400
20,75,Reg,1795,1777,1795,Gd,534,GasA,Gd,281,0,1777,Y,230000
120,44,Reg,1060,1040,1060,TA,572,GasA,TA,0,840,200,Y,129900
20,NA,IR1,1060,1060,1060,TA,270,GasA,TA,0,188,204,Y,154000
20,110,Reg,1600,1566,1600,Gd,890,GasA,Gd,640,0,1566,Y,256300
20,60,Reg,900,900,900,NA,576,GasA,TA,0,234,180,Y,134800
20,98,Reg,1704,1704,1704,Gd,772,GasA,Gd,200,1218,486,Y,306000
20,47,IR1,1600,1484,1600,Gd,319,GasA,TA,0,1277,207,Y,207500
30,60,IR1,520,520,520,NA,240,GasA,TA,0,0,520,N,68500
70,50,Reg,649,649,1317,NA,250,GasA,TA,0,0,649,N,40000
20,NA,IR1,1228,1228,1228,NA,271,GasA,TA,0,0,1228,Y,149350
20,85,Reg,1234,1234,1234,NA,484,GasA,Gd,0,0,1234,Y,179900
20,70,IR1,1700,1398,1700,Gd,447,GasA,TA,0,1018,380,Y,165500
120,60,Reg,1561,1561,1561,Gd,556,GasA,Ex,246,1153,408,Y,277500
60,108,Reg,1132,1117,2452,Gd,691,GasA,Gd,132,0,1117,Y,309000
20,112,Reg,1097,1097,1097,NA,672,GasA,TA,0,0,1097,Y,145000
20,74,Reg,1297,1297,1297,TA,498,GasA,TA,650,1213,84,Y,153000
20,68,Reg,1057,1057,1057,NA,246,GasA,TA,0,731,326,Y,109000
90,65,Reg,1152,0,1152,NA,0,GasA,TA,0,0,0,N,82000
20,84,Reg,1324,1088,1324,TA,440,GasA,TA,101,643,445,Y,160000
20,115,Reg,1328,1350,1328,Gd,308,GasA,TA,0,967,383,Y,170000
85,NA,IR1,884,840,884,NA,504,GasA,TA,0,747,0,Y,144000
20,NA,IR1,938,938,938,NA,308,GasA,TA,0,280,167,Y,130250
20,70,Reg,1150,1150,1150,NA,300,GasA,TA,0,179,465,Y,141000
120,61,Reg,1752,1752,1752,Gd,576,GasA,Ex,412,456,1296,Y,319900
50,48,IR1,1518,1434,2149,Ex,670,GasA,Gd,0,1351,83,Y,239686
20,84,Reg,1656,1656,1656,NA,826,GasA,Gd,0,24,1632,Y,249700
190,33,Reg,736,736,1452,NA,0,GasA,TA,0,0,736,Y,113000
20,66,Reg,955,955,955,NA,386,GasA,TA,0,763,192,Y,127000
60,NA,IR2,794,794,1470,NA,388,GasA,TA,0,182,612,Y,177000
50,52,Reg,816,816,1176,Gd,528,GasA,TA,0,0,816,Y,114500
90,110,IR2,816,816,816,NA,516,GasA,Fa,0,104,0,N,110000
20,68,IR1,1842,1842,1842,Gd,894,GasA,Gd,0,1810,32,Y,385000
80,60,Reg,1360,384,1360,TA,572,GasA,TA,0,384,0,Y,130000
20,100,IR1,1425,1425,1425,Gd,576,GasA,TA,272,490,935,Y,180500
160,24,Reg,983,970,1739,NA,480,GasA,Gd,456,649,321,Y,172500
60,89,IR1,860,860,1720,NA,565,GasA,Gd,0,0,860,Y,196500
60,66,IR2,1426,1410,2945,Gd,641,GasA,Ex,1031,0,1410,Y,438780
20,60,Reg,780,780,780,NA,352,GasA,TA,0,632,148,Y,124900
20,63,Reg,1158,1158,1158,NA,576,GasA,TA,0,941,217,Y,158000
75,60,Reg,581,530,1111,NA,288,GasA,TA,0,0,530,N,101000
120,44,IR1,1370,1370,1370,Gd,484,GasA,Gd,178,24,1346,Y,202500
70,50,IR1,902,576,1710,NA,480,GasA,TA,0,0,576,Y,140000
60,NA,Reg,1057,1057,2034,NA,645,GasA,TA,573,739,318,Y,219500
60,76,Reg,1143,1143,2473,Gd,852,GasA,Gd,344,0,1143,Y,317000
20,NA,Reg,2207,1947,2207,Gd,576,GasA,TA,287,912,1035,Y,180000
20,72,IR1,1479,1453,1479,NA,558,GasA,Gd,167,1013,440,Y,226000
30,47,Reg,747,747,747,NA,220,GasA,TA,0,0,747,Y,80000
50,81,Reg,1304,1304,2287,TA,667,GasW,Gd,0,603,701,Y,225000
20,95,IR1,2223,2223,2223,Gd,516,GasA,TA,1115,1880,343,Y,244000
20,69,Reg,845,845,845,NA,360,GasA,TA,0,565,280,Y,129500
60,74,IR1,885,832,1718,TA,427,GasA,TA,40,0,832,Y,185000
20,85,Reg,1086,1086,1086,NA,490,GasA,TA,104,320,404,Y,144900
50,60,Reg,840,840,1605,NA,379,GasA,Gd,0,0,840,N,107400
180,21,Reg,526,462,988,NA,297,GasA,TA,0,462,0,Y,91000
20,NA,IR1,952,952,952,NA,283,GasA,TA,0,228,724,Y,135750
50,50,Reg,1072,672,1285,NA,240,GasA,TA,0,336,295,Y,127000
90,72,Reg,1768,1768,1768,NA,0,GasA,TA,0,0,1768,N,136500
50,60,Reg,682,440,1230,NA,440,GasA,TA,0,0,440,Y,110000
60,100,Reg,1182,896,2142,Gd,509,GasA,TA,576,448,448,Y,193500
120,32,Reg,1337,1237,1337,NA,405,GasA,TA,443,1201,36,Y,153500
20,78,Reg,1563,1563,1563,Gd,758,GasA,TA,468,33,1530,Y,245000
20,80,IR1,1065,1065,1065,NA,461,GasA,TA,66,0,1065,Y,126500
80,NA,IR1,804,384,1474,TA,400,GasA,TA,22,0,384,Y,168500
60,121,Reg,1301,1288,2417,TA,462,GasA,Gd,284,0,1288,Y,260000
60,122,IR2,684,684,1560,Gd,400,GasA,Gd,0,0,684,Y,174000
160,40,Reg,612,612,1224,NA,528,GasA,Gd,76,0,612,Y,164500
50,105,IR1,1013,1013,1526,NA,0,GasA,Fa,0,0,1013,N,85000
20,60,Reg,990,990,990,NA,0,GasA,TA,0,588,402,Y,123600
20,60,Reg,1040,0,1040,NA,420,GasA,TA,0,0,0,Y,109900
20,85,Reg,1235,1235,1235,NA,480,GasA,TA,203,600,635,Y,98600
30,80,IR1,964,876,964,NA,432,GasA,TA,0,713,163,Y,163500
190,60,Reg,1260,1214,2291,Gd,506,GasW,TA,0,1046,168,N,133900
60,69,IR1,905,824,1786,NA,684,GasA,TA,0,648,176,Y,204750
60,NA,IR2,680,680,1470,TA,420,GasA,Ex,68,310,370,Y,185000
20,78,IR1,1588,1588,1588,NA,472,GasA,Gd,183,1162,426,Y,214000
20,73,Reg,960,960,960,NA,432,GasA,TA,48,520,440,Y,94750
30,85,Reg,835,458,835,NA,366,GasA,TA,0,108,350,N,83000
20,77,IR1,1225,950,1225,NA,0,GasA,TA,0,569,381,Y,128950
20,NA,IR1,1610,1610,1610,TA,480,GasA,TA,28,1200,410,Y,205000
60,77,Reg,977,741,1732,TA,476,GasA,Gd,336,0,741,Y,178000
90,64,Reg,1535,0,1535,NA,410,GasA,TA,0,0,0,Y,118964
20,94,IR1,1226,1226,1226,NA,740,GasA,TA,0,0,1226,Y,198900
50,NA,Reg,1226,1040,1818,TA,240,GasA,TA,600,224,816,Y,169500
60,75,Reg,1053,1053,1992,Gd,648,GasA,Gd,768,0,1053,Y,250000
30,60,Reg,1047,641,1047,NA,273,GasA,TA,0,0,641,Y,100000
20,50,Reg,789,789,789,NA,250,GasA,TA,0,104,516,Y,115000
50,85,Reg,997,793,1517,NA,0,GasW,TA,0,0,793,N,115000
20,105,IR1,1844,1844,1844,TA,546,GasA,TA,480,705,1139,Y,190000
50,75,Reg,1216,994,1855,NA,325,GasA,TA,0,444,550,Y,136900
80,NA,IR1,774,384,1430,TA,400,GasA,TA,0,250,134,Y,180000
60,77,Reg,1282,1264,2696,Gd,792,GasA,Gd,220,984,280,Y,383970
20,NA,Reg,2259,1809,2259,Gd,450,GasA,TA,184,35,905,Y,217000
70,61,IR1,1436,1028,2320,TA,180,GasA,TA,0,774,104,Y,259500
160,34,Reg,729,729,1458,Fa,440,GasA,TA,1129,419,310,Y,176000
20,NA,Reg,1092,1092,1092,Po,288,GasA,TA,116,170,252,Y,139000
20,74,Reg,1125,1125,1125,NA,430,GasA,TA,0,0,1125,Y,155000
60,90,Reg,1699,1673,3222,TA,594,GasA,TA,0,1470,203,Y,320000
60,65,Reg,728,728,1456,Gd,390,GasA,Gd,0,0,728,Y,163990
80,NA,IR1,988,938,988,TA,540,GasA,TA,0,938,0,Y,180000
50,50,Reg,772,732,1123,NA,264,GasA,TA,0,0,732,Y,100000
20,75,Reg,1080,1080,1080,NA,288,GasA,TA,135,570,510,Y,136000
120,55,Reg,1199,1199,1199,NA,530,GasA,Gd,0,300,899,Y,153900
20,48,IR1,1586,1362,1586,TA,435,GasA,TA,0,0,1362,Y,181000
190,60,Reg,520,520,754,NA,0,GasA,TA,0,490,30,N,84500
120,NA,IR1,958,1078,958,TA,440,GasA,TA,0,120,958,Y,128000
45,55,IR1,840,672,840,TA,0,GasA,TA,0,116,556,Y,87000
60,69,Reg,660,660,1348,Fa,453,GasA,TA,266,512,148,Y,155000
20,69,Reg,1053,1008,1053,NA,750,GasA,TA,85,567,413,Y,150000
60,88,Reg,1216,924,2157,Gd,487,GasA,TA,309,445,479,Y,226000
60,NA,IR1,1022,992,2054,TA,390,GasA,Gd,40,695,297,Y,244000
20,75,Reg,1327,1063,1327,NA,624,GasA,TA,0,405,658,Y,150750
20,NA,IR1,1296,1267,1296,NA,471,GasA,Gd,136,1005,262,Y,220000
20,78,IR1,1721,1461,1721,TA,440,GasA,TA,0,570,891,Y,180000
20,80,Reg,1682,1304,1682,Gd,530,GasA,TA,288,0,1304,Y,174000
20,NA,IR1,1214,1214,1214,Fa,318,GasA,TA,196,695,519,Y,143000
90,82,Reg,1959,1907,1959,NA,766,GasA,TA,70,0,1907,Y,171000
60,73,IR1,1004,1004,1852,TA,660,GasA,Gd,320,668,336,Y,230000
60,65,IR1,928,928,1764,NA,470,GasA,TA,0,821,107,Y,231500
20,70,Reg,864,864,864,Po,0,GasA,TA,0,432,432,Y,115000
20,78,Reg,1734,1734,1734,NA,660,GasA,Gd,0,1300,434,Y,260000
50,71,Reg,910,910,1385,NA,720,GasA,TA,0,507,403,Y,166000
20,78,IR1,1501,1490,1501,NA,577,GasA,Gd,183,679,811,Y,204000
90,70,Reg,1728,1728,1728,NA,504,GasA,TA,336,1332,396,Y,125000
160,24,Reg,970,970,1709,NA,380,GasA,Gd,50,0,970,Y,130000
30,51,Reg,875,715,875,NA,180,GasA,TA,0,209,506,Y,105000
60,NA,IR1,884,884,2035,Gd,434,GasA,Gd,180,0,884,Y,222500
20,63,Reg,1080,1080,1080,NA,0,GasA,TA,120,680,400,Y,141000
50,NA,Reg,896,896,1344,NA,240,GasA,TA,0,0,896,Y,115000
20,120,Reg,969,969,969,NA,440,GasA,TA,0,716,253,Y,122000
20,107,Reg,1710,1710,1710,Gd,866,GasA,Gd,436,1400,310,Y,372402
60,NA,IR1,1097,825,1993,Gd,495,GasA,TA,252,416,409,Y,190000
20,NA,Reg,1252,1602,1252,Gd,564,GasA,TA,0,429,93,Y,235000
30,84,Reg,1200,1200,1200,NA,312,GasA,TA,0,0,1200,Y,125000
50,60,Reg,572,572,1096,NA,0,Grav,TA,0,0,572,N,79000
20,60,Reg,1040,0,1040,NA,625,GasA,TA,0,0,0,Y,109500
60,92,Reg,774,774,1968,Gd,680,GasA,Gd,84,0,774,Y,269500
60,100,Reg,991,991,1947,Gd,678,GasA,Gd,0,222,769,Y,254900
60,134,IR1,1392,1392,2462,Gd,576,GasA,Gd,456,57,1335,Y,320000
20,NA,IR1,1232,1232,1232,NA,516,GasA,TA,0,660,572,Y,162500
60,110,IR1,1572,1572,2668,Gd,726,GasA,Gd,664,1016,556,Y,412500
20,95,Reg,1541,1541,1541,Gd,532,GasA,Gd,226,1201,340,Y,220000
45,55,Reg,882,882,882,NA,0,GasA,TA,0,0,882,Y,103200
40,40,Reg,1149,1149,1616,NA,216,GasA,TA,0,370,779,Y,152000
190,62,Reg,808,644,1355,NA,0,GasA,TA,0,351,112,Y,127500
20,NA,IR1,1867,1617,1867,Gd,303,GasA,Gd,0,379,470,Y,190000
60,86,Reg,1610,1582,2161,Gd,789,GasA,Gd,300,1288,294,Y,325624
60,62,IR1,840,840,1720,Gd,440,GasA,Gd,0,0,840,Y,183500
20,NA,IR1,1707,1686,1707,TA,511,GasA,Gd,653,0,1686,Y,228000
50,NA,IR1,854,720,1382,NA,660,GasA,TA,0,360,360,Y,128500
20,141,IR1,1656,1080,1656,Gd,528,GasA,TA,112,639,441,Y,215000
160,44,IR1,1064,1064,1767,TA,504,GasA,Gd,0,495,354,Y,239000
20,80,IR1,1362,1362,1362,TA,504,GasA,TA,491,288,700,Y,163000
20,47,IR1,1651,1606,1651,TA,616,GasA,TA,132,1398,0,Y,184000
20,84,Reg,2158,1202,2158,Gd,576,GasA,TA,0,477,725,Y,243000
60,97,IR1,1164,1151,2060,TA,521,GasA,Gd,268,831,320,Y,211000
50,NA,Reg,1252,1052,1920,Gd,451,GasA,Gd,0,57,554,Y,172500
20,63,IR1,2234,2216,2234,Gd,1166,GasA,Ex,748,1904,312,Y,501837
30,60,Reg,968,968,968,NA,480,GasA,Gd,0,0,968,Y,100000
160,NA,Reg,769,756,1525,TA,440,GasA,Gd,456,436,320,Y,177000
70,54,Reg,901,793,1802,Gd,216,GasA,TA,0,352,441,Y,200100
20,60,Reg,1340,0,1340,Gd,252,GasA,TA,98,0,0,Y,120000
50,63,Reg,1362,1362,2082,NA,484,GasA,TA,0,0,1362,Y,200000
50,92,IR1,936,504,1252,NA,576,GasA,TA,0,0,504,Y,127000
75,90,IR2,1518,1107,3608,TA,840,GasA,Gd,0,0,1107,Y,475000
80,NA,IR1,1217,1188,1217,NA,497,GasA,TA,0,611,577,Y,173000
50,60,Reg,808,660,1656,NA,180,GasA,TA,0,0,660,Y,135000
90,64,Reg,1224,1086,1224,TA,528,GasA,TA,275,1086,0,Y,153337
120,41,Reg,1593,1593,1593,Gd,682,GasA,Gd,0,1153,440,Y,286000
70,70,Reg,1549,853,2727,TA,440,GasA,Gd,0,297,556,Y,315000
60,NA,IR1,725,725,1479,NA,484,GasA,TA,138,626,99,Y,184000
20,68,IR1,1431,1431,1431,NA,666,GasA,Gd,0,560,871,Y,192000
160,24,Reg,970,970,1709,NA,380,GasA,Gd,50,0,970,Y,130000
20,60,IR1,864,864,864,NA,352,GasA,TA,0,390,474,Y,127000
160,24,Reg,855,855,1456,TA,440,GasA,TA,0,566,289,Y,148500
20,79,Reg,1726,1726,1726,Gd,786,GasA,Ex,205,1126,600,Y,311872
75,174,Reg,1360,1360,3112,Ex,795,GasA,Gd,0,1036,140,Y,235000
75,92,Reg,929,755,2229,NA,0,GasA,TA,0,0,755,Y,104000
20,76,Reg,1713,1713,1713,Gd,856,GasA,Gd,262,1088,625,Y,274900
20,80,Reg,1121,1121,1121,NA,440,GasA,TA,0,0,1121,Y,140000
20,75,Reg,1279,1196,1279,Fa,473,GasA,TA,0,641,276,Y,171500
50,50,Reg,865,617,1310,NA,398,GasA,TA,0,617,0,Y,112000
120,NA,Reg,848,848,848,Gd,420,GasA,Gd,205,662,186,Y,149000
50,50,Reg,720,720,1284,NA,240,GasA,TA,0,312,408,Y,110000
20,99,Reg,1442,1424,1442,NA,500,GasA,TA,0,0,1424,Y,180500
20,40,IR1,1696,1140,1696,TA,349,GasA,TA,0,0,1140,Y,143900
20,NA,IR1,1100,1100,1100,Po,312,GasA,TA,0,419,375,Y,141000
60,NA,IR1,1180,1157,2062,Gd,454,GasA,Gd,128,1065,92,Y,277000
20,75,Reg,1092,1092,1092,NA,504,GasA,TA,260,787,305,Y,145000
30,67,Reg,864,864,864,NA,0,GasA,TA,0,468,396,N,98000
20,83,Reg,1212,1212,1212,NA,460,GasA,TA,0,36,1176,Y,186000
60,72,Reg,932,900,1852,TA,644,GasA,TA,0,822,78,Y,252678
20,43,IR2,990,990,990,NA,576,GasA,TA,0,716,274,Y,156000
60,NA,IR1,689,689,1392,NA,299,GasA,TA,153,378,311,Y,161750
20,72,IR1,1236,1070,1236,Fa,447,GasA,TA,64,360,710,Y,134450
20,65,Reg,1436,1436,1436,NA,484,GasA,Gd,266,946,490,Y,210000
70,57,Reg,810,686,1328,NA,210,GasA,TA,0,0,686,N,107000
50,NA,IR1,1137,798,1954,TA,431,GasA,Gd,312,341,457,Y,311500
120,43,Reg,1248,1248,1248,NA,438,GasA,Gd,16,16,1232,Y,167240
20,73,IR1,1498,1498,1498,NA,675,GasA,Gd,0,0,1498,Y,204900
60,NA,IR1,1010,1010,2267,TA,390,GasA,Gd,0,0,1010,Y,200000
60,85,Reg,811,713,1552,TA,434,GasA,TA,0,550,163,Y,179900
20,70,Reg,864,864,864,NA,576,GasA,TA,0,524,160,Y,97000
20,103,Reg,2392,2392,2392,Ex,968,GasA,Ex,922,56,2336,Y,386250
160,21,Reg,630,630,1302,NA,280,GasA,TA,142,0,630,Y,112000
60,82,IR1,1214,1203,2520,TA,721,GasA,Gd,290,565,638,Y,290000
160,21,Reg,483,483,987,NA,280,GasA,TA,127,321,162,Y,106000
20,70,Reg,912,912,912,Fa,336,GasA,TA,0,842,70,Y,125000
120,43,Reg,1555,1373,1555,TA,430,GasA,Gd,16,16,1357,Y,192500
20,73,Reg,1194,1194,1194,NA,312,GasA,TA,220,0,1194,Y,148000
60,174,IR1,1490,1462,2794,TA,810,GasA,Gd,506,689,773,Y,403000
160,21,Reg,483,483,987,Po,288,GasA,TA,297,0,483,Y,94500
20,75,Reg,894,894,894,NA,308,GasA,TA,0,182,0,Y,128200
60,NA,Reg,860,860,1960,TA,440,GasA,Gd,NA,625,235,Y,216500
160,21,Reg,483,483,987,NA,264,GasA,TA,604,358,125,Y,89500
20,65,Reg,1414,1414,1414,NA,494,GasA,Gd,98,24,1390,Y,185500
60,NA,IR1,1014,996,1744,NA,457,GasA,Gd,0,402,594,Y,194500
20,93,Reg,1694,1694,1694,NA,818,GasA,Ex,254,0,1694,Y,318000
50,52,Reg,798,735,1487,Gd,220,GasA,TA,0,94,641,Y,113000
20,75,Reg,1566,1566,1566,NA,750,GasA,Gd,36,1078,488,Y,262500
30,40,Reg,866,686,866,NA,0,GasA,TA,0,329,357,Y,110500
50,63,Reg,889,540,1440,NA,352,GasA,TA,0,0,540,N,79000
160,75,Reg,626,626,1217,TA,288,GasA,TA,0,0,626,Y,120000
60,NA,IR1,1222,948,2110,Fa,463,GasA,Gd,0,695,253,Y,205000
20,80,Reg,1872,1845,1872,TA,604,GasA,TA,102,929,916,Y,241500
190,69,Reg,908,1020,1928,NA,440,GasA,TA,0,0,1020,N,137000
20,75,Reg,1375,1367,1375,TA,451,GasA,TA,0,0,1367,Y,140000
60,72,Reg,840,840,1668,NA,500,GasA,Gd,101,0,840,Y,180000
50,NA,IR2,1444,1444,2144,TA,389,GasA,Gd,472,697,747,Y,277000
30,55,IR1,1306,728,1306,NA,0,GasA,TA,0,0,728,Y,76500
120,44,IR1,1625,1573,1625,Gd,538,GasA,Gd,481,1573,0,Y,235000
60,65,IR1,798,798,1640,NA,520,GasA,Gd,0,0,798,Y,173000
80,85,Reg,1302,1302,1302,NA,309,GasA,TA,108,270,452,Y,158000
20,70,Reg,1314,1314,1314,NA,294,GasA,TA,0,922,392,Y,145000
60,66,IR1,1005,975,2291,TA,429,GasA,Gd,302,0,975,Y,230000
60,64,IR1,864,864,1728,NA,673,GasA,Gd,0,503,361,Y,207500
20,68,Reg,1604,1604,1604,Gd,660,GasA,Gd,180,1334,270,Y,220000
60,80,Reg,963,963,1792,TA,564,GasA,Gd,172,361,602,Y,231500
20,70,Reg,882,0,882,NA,308,GasA,TA,0,0,0,Y,97000
80,120,Reg,1382,1362,1382,TA,884,GasA,TA,399,672,0,Y,176000
60,69,IR1,1482,1482,2574,Gd,868,GasA,Gd,270,0,1482,Y,276000
80,88,IR1,1212,506,1212,TA,492,GasA,TA,46,506,0,Y,151000
50,50,Reg,926,926,1316,NA,484,GasA,TA,0,234,0,Y,130000
30,30,IR3,764,680,764,NA,504,GasA,TA,0,0,680,N,73000
20,78,IR1,1422,1422,1422,TA,576,GasA,TA,210,588,606,Y,175500
60,70,IR1,802,802,1511,TA,413,GasA,TA,0,714,88,Y,185000
75,60,Reg,1052,720,2192,Gd,240,GasA,TA,0,378,342,Y,179500
30,71,Reg,778,740,778,Gd,924,GasA,TA,0,403,212,Y,120500
20,NA,IR1,1113,1143,1113,Fa,504,GasA,TA,174,751,392,Y,148000
60,84,Reg,1095,1095,1939,Gd,1053,GasA,Gd,0,0,1095,Y,266000
20,73,IR1,1363,1385,1363,TA,439,GasA,TA,0,226,96,Y,241500
60,92,IR1,1164,1152,2270,Gd,671,GasA,Gd,348,524,628,Y,290000
20,80,Reg,1632,1240,1632,Gd,338,GasA,TA,183,620,0,Y,139000
20,76,Reg,816,816,816,NA,264,GasA,TA,0,546,270,Y,124500
50,55,Reg,952,952,1548,NA,672,GasW,Gd,0,0,952,N,205000
20,129,IR1,1560,1560,1560,NA,573,GasA,Gd,0,0,1560,Y,201000
20,140,Reg,864,864,864,NA,400,GasA,TA,0,120,744,Y,141000
20,107,Reg,2121,2121,2121,Ex,732,GasA,Ex,315,0,2121,Y,415298
60,83,Reg,1156,1160,2022,TA,505,GasA,TA,299,392,768,Y,192000
60,82,Reg,1175,807,1982,TA,575,GasA,Gd,340,421,386,Y,228500
20,60,Reg,1262,1262,1262,NA,572,GasA,Gd,68,905,357,Y,185000
120,34,Reg,1314,1314,1314,Gd,626,GasA,Gd,166,904,410,Y,207500
20,74,Reg,1468,1468,1468,Gd,898,GasA,Gd,72,0,1468,Y,244600
120,50,Reg,1575,1575,1575,NA,529,GasA,Gd,0,430,1145,Y,179200
160,35,IR1,625,625,1250,NA,528,GasA,Gd,0,0,625,Y,164700
50,77,IR1,1085,912,1734,Gd,440,GasA,TA,0,600,312,Y,159000
20,NA,IR1,858,858,858,NA,0,GasA,TA,0,614,244,Y,88000
20,NA,IR1,900,882,900,NA,280,GasA,TA,31,450,432,Y,122000
70,60,Reg,698,698,1396,NA,384,GasA,TA,0,0,698,Y,153575
60,120,Reg,1079,1079,1919,Gd,685,GasA,Gd,0,0,1079,Y,233230
190,55,Reg,936,780,1716,NA,0,GasA,TA,0,210,570,N,135900
50,60,Reg,1148,768,1716,Gd,281,GasA,TA,0,292,476,Y,131000
60,NA,IR1,1468,795,2263,TA,539,GasA,TA,34,795,0,Y,235000
20,80,Reg,1644,1416,1644,Gd,418,GasA,TA,238,1285,131,Y,167000
80,37,IR1,1003,1003,1003,NA,588,GasA,TA,0,819,184,Y,142500
50,75,Reg,910,910,1558,NA,282,GasA,TA,0,420,490,Y,152000
60,66,IR1,975,975,1950,TA,576,GasA,Gd,1600,649,326,Y,239000
60,90,Reg,1041,702,1743,Gd,539,GasA,Gd,365,384,143,Y,175000
20,80,Reg,1152,1092,1152,Gd,300,GasA,TA,0,0,1092,Y,158500
190,90,Reg,1336,1165,1336,Gd,375,GasA,TA,56,841,324,Y,157000
60,66,IR3,1210,1028,2452,TA,683,GasA,Gd,0,281,747,Y,267000
20,118,IR1,1541,1541,1541,TA,843,GasA,Gd,150,0,1541,Y,205000
20,70,Reg,894,894,894,NA,552,GasA,TA,0,894,0,Y,149900
75,87,Reg,1675,1470,3493,Ex,870,GasA,TA,0,0,1470,Y,295000
20,80,Reg,2000,2000,2000,NA,888,GasA,Gd,246,1464,536,Y,305900
60,116,Reg,1122,700,2243,TA,746,GasA,Gd,246,700,0,Y,225000
50,NA,IR1,1035,319,1406,NA,0,GasA,TA,0,0,319,Y,89500
30,NA,IR1,861,861,861,NA,539,GasA,TA,0,262,599,Y,82500
20,90,IR1,1944,1896,1944,Ex,708,GasA,Gd,0,1274,622,Y,360000
60,NA,IR1,697,697,1501,TA,420,GasA,TA,112,518,179,Y,165600
20,50,Reg,972,972,972,Gd,240,GasA,TA,0,680,292,Y,132000
190,65,Reg,793,793,1118,Gd,410,GasA,TA,0,507,286,Y,119900
20,150,IR3,2036,2136,2036,Gd,513,GasW,TA,0,1236,80,Y,375000
70,60,Reg,832,728,1641,Gd,546,GasA,TA,0,16,712,Y,178000
60,71,IR1,716,716,1432,Gd,432,GasA,Gd,0,425,291,Y,188500
60,94,IR1,1153,845,2353,TA,484,GasA,Gd,278,692,153,Y,260000
60,75,Reg,1088,1088,1959,Gd,1025,GasA,Gd,0,0,1088,Y,270000
60,90,Reg,1372,1347,2646,TA,656,GasA,Gd,256,987,360,Y,260000
80,NA,Reg,1472,1372,1472,TA,588,GasA,TA,225,1036,336,Y,187500
60,111,Reg,1249,1249,2596,NA,840,GasA,TA,370,0,1249,Y,342643
60,99,IR1,1136,1136,2468,Gd,872,GasA,Gd,388,970,166,Y,354000
60,86,IR1,1553,1502,2730,TA,576,GasA,Gd,172,28,0,Y,301000
20,49,Reg,1163,1162,1163,NA,220,GasA,TA,0,256,906,Y,126175
80,96,Reg,1898,710,2978,Gd,564,GasA,Gd,300,0,710,Y,242000
45,50,Reg,803,720,803,NA,360,GasA,TA,0,116,604,N,87000
120,32,IR1,1719,1719,1719,Gd,473,GasA,Gd,0,1619,100,Y,324000
20,80,Reg,1383,1383,1383,NA,292,GasA,TA,175,565,818,Y,145250
75,NA,IR1,1445,844,2134,NA,441,GasA,TA,0,0,844,N,214500
70,60,Reg,596,596,1192,NA,189,GasA,TA,0,0,596,N,78000
90,NA,IR1,1728,1728,1728,NA,352,GasA,TA,84,40,1424,Y,119000
20,70,Reg,1056,1056,1056,NA,308,GasA,TA,0,846,210,Y,139000
20,85,IR1,1629,3206,1629,Gd,880,GasA,Gd,296,1124,1603,Y,284000
120,59,Reg,1358,1358,1358,Gd,484,GasA,Gd,146,720,638,Y,207000
60,59,IR1,943,943,1638,TA,472,GasA,TA,0,828,115,Y,192000
190,NA,IR1,1619,1499,1786,Gd,529,GasA,TA,0,1249,103,Y,228950
20,86,IR1,1922,1922,1922,Gd,676,GasA,Gd,200,1249,673,Y,377426
20,70,Reg,1536,1536,1536,NA,532,GasA,Gd,113,810,726,Y,214000
20,91,Reg,1621,1208,1621,NA,440,GasA,Gd,0,213,995,Y,202500
20,66,IR1,1215,1215,1215,NA,297,GasA,TA,176,585,630,Y,155000
60,85,Reg,993,967,1908,NA,431,GasA,Gd,0,0,967,Y,202900
20,60,Reg,841,721,841,NA,294,GasA,Fa,0,0,721,Y,82000
90,NA,Reg,1040,0,1040,NA,400,Wall,TA,340,0,0,N,87500
120,63,IR1,1684,1684,1684,Ex,564,GasA,Ex,616,28,1656,Y,266000
160,36,Reg,536,536,1112,NA,336,GasA,TA,0,129,175,Y,85000
50,65,Reg,972,972,1577,Gd,312,GasA,TA,0,0,972,Y,140200
20,NA,IR1,958,958,958,NA,301,GasA,TA,0,498,460,Y,151500
20,NA,IR1,1478,1478,1478,Gd,498,GasA,TA,30,1270,208,Y,157500
160,36,Reg,764,764,1626,NA,474,GasA,Gd,106,573,191,Y,154000
60,56,IR2,1848,1848,2728,Ex,706,GasA,Ex,870,1410,438,Y,437154
120,68,IR1,1869,1869,1869,Gd,617,GasA,Ex,362,0,1869,Y,318061
120,NA,IR1,1453,1453,1453,TA,445,GasA,TA,0,1082,371,Y,190000
50,60,Reg,616,616,1111,NA,200,GasA,TA,0,236,0,N,95000
30,60,Reg,720,624,720,NA,484,GasA,TA,0,0,624,Y,105900
50,60,Reg,1192,940,1595,Gd,240,GasA,TA,0,388,552,Y,140000
20,105,IR2,1200,1200,1200,NA,521,GasA,Gd,0,334,322,Y,177500
20,NA,IR1,1167,1158,1167,NA,400,GasA,TA,106,560,598,Y,173000
120,44,Reg,1142,1142,1142,Po,528,GasA,TA,0,874,268,Y,134000
80,92,IR1,1352,1062,1352,NA,288,GasA,TA,120,300,468,Y,130000
60,78,IR1,1086,1086,1924,TA,592,GasA,Gd,530,956,130,Y,280000
85,NA,IR1,912,888,912,TA,470,GasA,TA,0,773,115,Y,156000
50,NA,Reg,988,883,1505,NA,240,GasA,TA,0,399,484,Y,145000
85,64,Reg,495,0,1922,Ex,672,GasA,Gd,500,0,0,Y,198500
160,21,Reg,483,483,987,NA,264,GasA,TA,510,162,321,Y,118000
60,NA,IR1,790,796,1574,TA,566,GasA,TA,120,712,84,Y,190000
70,59,Reg,672,672,1344,NA,468,GasA,TA,0,456,216,Y,147000
20,NA,IR1,1394,1394,1394,Gd,514,GasA,TA,247,609,785,Y,159000
80,101,IR1,1431,1099,1431,Gd,296,GasA,TA,305,371,728,Y,165000
20,78,Reg,1268,1268,1268,Gd,244,GasA,TA,200,540,728,Y,132000
20,NA,IR1,1287,1063,1287,Gd,576,GasA,TA,0,72,733,Y,162000
60,NA,IR1,953,953,1664,TA,460,GasA,TA,0,0,953,Y,172400
50,80,Reg,1120,0,1588,Gd,680,GasA,TA,0,0,0,Y,134432
120,50,Reg,752,744,752,NA,264,GasA,TA,0,623,0,Y,125000
20,79,Reg,1319,608,1319,NA,270,GasA,TA,0,428,0,Y,123000
60,65,Reg,847,847,1928,Gd,434,GasA,Gd,0,0,847,Y,219500
30,NA,IR1,904,683,904,NA,0,GasA,Fa,0,350,333,N,61000
85,57,IR1,914,870,914,NA,576,GasA,Gd,0,298,572,Y,148000
60,102,IR1,1580,1580,2466,Gd,610,GasA,Gd,0,0,1580,Y,340000
20,88,Reg,1856,1856,1856,Ex,834,GasA,Gd,350,1445,411,Y,394432
60,60,IR1,1007,982,1800,TA,463,GasA,TA,16,0,982,Y,179000
50,50,Reg,1026,1026,1691,Gd,308,GasA,TA,0,218,808,Y,127000
20,60,Reg,1301,1293,1301,Gd,572,GasA,Gd,0,0,1293,Y,187750
60,79,IR1,939,939,1797,NA,639,GasA,Gd,0,0,939,Y,213500
45,60,Reg,784,784,784,NA,360,GasA,TA,0,0,784,N,76000
60,NA,IR2,1079,1580,1953,Fa,501,GasA,Gd,0,985,595,Y,240000
120,43,Reg,1269,1256,1269,TA,430,GasA,Gd,16,24,1232,Y,192000
50,58,Reg,658,658,1184,NA,0,GasA,TA,0,0,658,Y,81000
80,72,Reg,1125,1041,1125,Fa,352,GasA,TA,255,631,410,Y,125000
20,93,IR1,1479,1468,1479,NA,577,GasA,Gd,125,0,1468,Y,191000
60,96,Reg,1742,1682,2332,Ex,846,GasA,Ex,272,1280,402,Y,426000
50,50,Reg,961,861,1367,NA,384,GasA,TA,0,241,229,Y,119000
60,71,IR1,804,804,1961,TA,560,GasA,TA,0,690,114,Y,215000
20,NA,IR1,882,0,882,NA,294,GasA,TA,0,0,0,Y,106500
30,NA,Reg,788,788,788,TA,0,GasA,TA,0,266,522,Y,100000
50,60,Reg,735,735,1034,NA,240,GasA,TA,0,0,735,Y,109000
20,68,Reg,1144,1144,1144,NA,596,GasA,TA,0,739,405,Y,129000
20,60,Reg,894,894,894,NA,600,GasA,TA,0,777,117,Y,123000
60,69,Reg,876,864,1812,TA,264,GasA,TA,288,540,324,Y,169500
30,60,Reg,1077,961,1077,NA,338,GasA,TA,0,0,961,Y,67000
60,65,Reg,1112,1092,1550,NA,438,GasA,Gd,100,812,280,Y,241000
120,38,IR2,1288,1260,1288,Gd,500,GasA,Gd,0,786,474,Y,245500
20,65,IR1,1310,1310,1310,Gd,400,GasA,Gd,0,24,1286,Y,164990
30,60,Reg,672,672,672,NA,240,GasA,TA,0,0,672,Y,108000
60,93,Reg,1165,1141,2263,TA,420,GasA,Gd,650,0,1141,Y,258000
60,NA,IR1,806,806,1572,TA,373,GasA,TA,0,0,806,Y,168000
20,NA,IR1,1620,1281,1620,TA,490,GasA,TA,0,1116,165,Y,150000
50,51,Reg,1166,1064,1639,NA,240,GasA,TA,0,0,1064,Y,115000
70,63,Reg,840,840,1680,NA,308,GasA,TA,0,0,840,Y,177000
60,109,Reg,1071,1063,2172,Gd,947,GasA,Gd,350,0,1063,Y,280000
60,85,Reg,1050,1034,2078,Gd,836,GasA,Gd,100,789,245,Y,339750
20,68,Reg,1276,1276,1276,NA,350,GasA,TA,0,0,1276,Y,60000
190,100,Reg,1056,1056,1056,NA,572,GasA,TA,0,1056,0,N,145000
20,NA,IR2,1478,1470,1478,Gd,484,GasA,Ex,432,578,892,Y,222000
30,56,Reg,1028,1008,1028,Gd,360,GasA,TA,0,0,1008,Y,115000
60,59,IR2,1080,1080,2097,TA,678,GasA,Gd,0,50,499,Y,228000
20,73,IR1,1340,1340,1340,NA,396,GasA,Gd,0,24,1316,Y,181134
60,74,Reg,672,672,1400,TA,440,GasA,TA,203,209,463,Y,149500
70,86,IR1,1370,1370,2624,Gd,864,GasW,TA,0,1128,242,N,239000
50,60,Reg,756,756,1134,NA,240,GasA,TA,0,312,444,N,126000
20,65,Reg,1056,1056,1056,Fa,304,GasA,TA,0,775,281,Y,142000
90,78,Reg,1344,1344,1344,NA,784,GasA,TA,200,1309,35,Y,206300
20,NA,IR1,1602,1602,1602,TA,529,GasA,Gd,126,1246,356,Y,215000
20,100,Reg,988,988,988,NA,520,GasA,TA,0,0,988,Y,113000
60,80,Reg,1470,1470,2630,TA,696,GasA,Gd,473,986,484,Y,315000
20,72,Reg,1196,1196,1196,Gd,297,GasA,TA,74,616,580,Y,139000
60,60,Reg,707,651,1389,Gd,240,GasA,TA,0,0,651,Y,135000
80,NA,Reg,1644,1518,1644,TA,569,GasA,Gd,145,1518,0,Y,275000
20,77,IR1,907,907,907,NA,352,GasA,TA,0,288,619,Y,109008
20,64,Reg,1208,1208,1208,NA,628,GasA,Gd,108,664,544,Y,195400
20,130,IR1,1412,1392,1412,TA,576,GasA,TA,0,1005,387,Y,175000
160,21,Reg,483,483,987,NA,264,GasA,TA,232,387,96,Y,85400
50,60,IR1,1088,901,1198,NA,0,GasA,TA,0,0,901,Y,79900
160,24,Reg,765,765,1365,NA,440,GasA,TA,376,471,294,Y,122500
60,100,IR1,926,926,1604,TA,470,GasA,TA,0,0,926,Y,181000
180,21,Reg,630,630,630,NA,0,GasA,TA,0,495,135,Y,81000
60,43,IR2,827,799,1661,TA,550,GasA,Gd,0,385,70,Y,212000
50,40,Reg,734,648,1118,NA,440,GasA,TA,0,0,648,Y,116000
45,50,Reg,904,884,904,NA,180,GasA,Gd,0,0,884,Y,119000
30,40,Reg,694,440,694,Gd,352,GasA,TA,0,365,75,N,90350
50,67,Reg,684,684,1196,NA,528,GasA,TA,0,0,684,Y,110000
20,105,Reg,2402,3094,2402,Gd,672,GasA,Ex,200,1767,788,Y,555000
90,92,Reg,1440,1440,1440,NA,0,GasA,TA,270,133,1307,N,118000
50,52,Reg,1128,1078,1573,Gd,360,GasA,TA,0,0,1078,Y,162900
120,53,Reg,1258,1258,1258,Gd,648,GasA,Gd,72,0,1258,Y,172500
60,70,Reg,933,915,1908,TA,493,GasA,Gd,0,642,273,Y,210000
20,73,Reg,1689,1436,1689,Gd,480,GasA,TA,0,0,1436,Y,127500
20,137,IR1,1888,1517,1888,Gd,578,GasA,Gd,0,247,557,Y,190000
60,NA,IR1,956,930,1886,TA,431,GasA,Gd,0,0,930,Y,199900
50,50,Reg,780,780,1376,Gd,198,GasA,TA,0,0,780,Y,119500
50,50,Reg,679,649,1183,NA,308,GasA,TA,0,331,318,Y,120000
30,70,Reg,813,813,813,NA,270,GasA,TA,0,0,813,Y,110000
20,62,IR1,1533,1533,1533,TA,576,GasA,TA,0,655,878,Y,280000
60,NA,IR1,888,872,1756,NA,422,GasA,Gd,42,742,130,Y,204000
60,75,Reg,786,768,1590,NA,676,GasA,Gd,0,0,768,Y,210000
90,63,Reg,1728,1728,1728,NA,560,GasA,TA,0,1606,122,Y,188000
20,80,Reg,1242,1242,1242,TA,528,GasA,TA,320,916,326,Y,175500
70,34,Reg,624,624,1344,NA,513,GasA,TA,0,0,624,N,98000
20,NA,IR1,1663,1364,1663,Gd,529,GasA,TA,0,1116,248,Y,256000
70,NA,Reg,833,588,1666,Gd,228,GasA,TA,0,0,588,Y,161000
50,NA,IR1,979,709,1203,TA,352,GasA,TA,161,185,524,Y,110000
60,75,IR1,832,832,1935,NA,552,GasA,Gd,110,544,288,Y,263435
70,60,Reg,575,560,1135,NA,576,GasA,Gd,0,350,0,Y,155000
20,60,IR1,864,864,864,Po,360,GasA,TA,0,553,0,Y,62383
70,74,IR1,849,715,1660,Gd,240,GasA,TA,0,326,389,Y,188700
20,60,Reg,1040,1040,1040,NA,0,GasA,TA,136,616,424,Y,124000
120,NA,Reg,1414,1375,1414,TA,398,GasA,Gd,18,0,1375,Y,178740
20,85,Reg,1277,1277,1277,Po,526,GasA,TA,0,778,499,Y,167000
70,79,Reg,888,728,1644,Gd,312,GasA,TA,224,386,342,Y,146500
20,98,IR1,1634,1626,1634,Gd,866,GasA,Gd,248,0,1626,Y,250000
60,76,IR1,832,832,1710,NA,506,GasA,Gd,120,426,406,Y,187000
120,NA,IR1,1502,1488,1502,NA,528,GasA,Gd,0,368,0,Y,212000
60,92,Reg,1161,808,1969,Gd,534,GasA,TA,0,0,808,Y,190000
180,35,Reg,1072,547,1072,NA,525,GasA,TA,80,459,88,Y,148000
20,110,IR1,1976,1976,1976,Ex,908,GasA,Gd,304,1350,626,Y,440000
120,41,Reg,1652,1494,1652,NA,499,GasA,Gd,0,1196,298,Y,251000
20,80,Reg,970,970,970,NA,624,GasA,TA,0,630,340,Y,132500
20,75,Reg,1493,1478,1493,TA,508,GasA,TA,215,994,484,Y,208900
60,105,Reg,2069,2153,2643,Gd,694,GasA,Ex,772,0,2153,Y,380000
20,79,Reg,1718,1705,1718,Gd,826,GasA,Gd,336,1288,417,Y,297000
30,50,Reg,1131,907,1131,NA,672,GasA,TA,435,168,739,Y,89471
20,98,IR1,1850,1833,1850,Gd,772,GasA,Gd,378,1261,572,Y,326000
20,72,IR1,1792,1792,1792,Gd,874,GasA,Gd,562,1567,225,Y,374000
70,50,Reg,916,910,1826,Gd,164,GasA,Gd,0,299,611,Y,155000
120,32,Reg,1216,1216,1216,NA,402,GasA,TA,116,897,319,Y,164000
20,NA,IR1,999,999,999,NA,264,GasA,TA,0,588,411,Y,132500
20,80,Reg,1113,1113,1113,Gd,264,GasA,Gd,0,607,506,Y,147000
20,79,Reg,1073,1073,1073,NA,515,GasA,TA,168,836,237,Y,156000
20,70,IR1,1484,1484,1484,TA,487,GasA,TA,0,998,486,Y,175000
190,60,Reg,1766,954,2414,Gd,520,GasA,TA,0,664,290,N,160000
180,21,Reg,630,630,630,NA,286,GasA,TA,0,515,115,Y,86000
160,NA,Reg,616,264,1304,Gd,336,GasA,TA,0,0,264,Y,115000
50,79,Reg,958,806,1578,TA,240,GasA,TA,0,403,238,Y,133000
60,105,IR1,728,728,1456,NA,429,GasA,Gd,0,0,728,Y,172785
20,70,Reg,1269,1269,1269,Fa,308,GasA,TA,0,374,363,Y,155000
30,50,Reg,886,190,886,NA,273,GasA,TA,0,0,190,Y,91300
30,60,Reg,720,720,720,NA,0,GasA,TA,0,495,225,N,34900
20,NA,IR1,3228,3200,3228,Gd,546,GasA,Gd,0,1231,1969,Y,430000
50,60,Reg,1133,1026,1820,NA,240,GasA,TA,0,329,697,Y,184000
20,65,Reg,899,864,899,NA,288,GasA,TA,89,450,414,Y,130000
20,70,IR1,912,912,912,NA,297,GasA,TA,0,111,522,Y,120000
160,21,Reg,672,672,1218,NA,264,GasA,TA,285,356,316,Y,113000
60,75,Reg,866,866,1768,NA,603,GasA,Gd,0,400,466,Y,226700
20,70,Reg,1214,1214,1214,NA,461,GasA,TA,0,698,420,Y,140000
20,100,IR1,1801,1501,1801,TA,484,GasA,TA,0,1247,254,Y,289000
160,24,Reg,855,855,1322,Fa,440,GasA,TA,0,257,103,Y,147000
90,60,Reg,960,960,1960,NA,400,GasA,TA,360,0,960,Y,124500
60,80,IR1,1065,777,1911,TA,471,GasA,Gd,125,380,397,Y,215000
20,75,IR1,1218,1218,1218,NA,676,GasA,Gd,0,27,1191,Y,208300
70,60,Reg,689,689,1378,Gd,360,GasA,TA,0,141,548,Y,161000
20,80,Reg,1041,1041,1041,NA,270,GasA,TA,132,991,50,Y,124500
20,75,Reg,1363,1008,1363,TA,288,GasA,Gd,70,650,178,Y,164900
120,40,IR1,1368,1368,1368,Gd,474,GasA,Gd,94,0,1368,Y,202665
20,70,Reg,864,864,864,NA,624,GasA,TA,0,521,169,Y,129900
20,71,Reg,1080,1084,1080,NA,484,GasA,TA,0,336,748,Y,134000
45,55,Reg,789,768,789,NA,200,Grav,TA,0,0,768,N,96500
20,94,Reg,2020,2006,2020,Gd,900,GasA,Ex,305,1436,570,Y,402861
80,NA,IR1,1378,689,2119,TA,583,GasA,TA,333,0,689,Y,158000
60,79,IR1,1277,1264,2344,TA,889,GasA,Gd,921,0,1264,Y,265000
60,NA,IR1,882,794,1796,NA,546,GasA,TA,0,706,88,Y,211000
70,53,Reg,1276,1276,2080,Gd,282,GasA,Gd,0,0,1276,Y,234000
190,60,Reg,694,0,1294,NA,0,GasA,TA,0,0,0,N,106250
20,90,IR1,1244,1244,1244,Gd,336,GasA,TA,0,777,467,Y,150000
50,50,Reg,1004,1004,1664,Gd,420,GasA,TA,0,399,605,Y,159000
60,130,IR1,3138,3138,4676,Gd,884,GasA,Ex,762,2260,878,Y,184750
60,95,IR1,1383,1379,2398,TA,834,GasA,Gd,594,719,660,Y,315750
20,62,Reg,1266,1257,1266,TA,453,GasA,Gd,0,0,1257,Y,176000
20,70,Reg,928,928,928,NA,252,GasA,TA,0,377,551,Y,132000
60,67,IR1,1476,1452,2713,Gd,858,GasA,Ex,268,1330,122,Y,446261
30,58,IR1,605,528,605,NA,0,GasA,TA,0,348,180,Y,86000
20,NA,IR1,2515,2035,2515,TA,484,GasA,Gd,NA,1219,816,Y,200624
80,85,Reg,1509,1461,1509,Fa,600,GasA,Gd,219,783,678,Y,175000
70,60,IR1,751,611,1362,NA,502,GasA,TA,0,0,611,Y,128000
20,60,Reg,827,0,827,Po,392,GasA,TA,0,0,0,Y,107500
20,50,Reg,334,0,334,NA,0,GasA,Fa,0,0,0,N,39300
60,74,IR1,707,707,1414,Gd,403,GasA,Gd,0,0,707,Y,178000
190,70,Reg,820,1117,1347,NA,0,GasA,TA,0,969,148,Y,107500
60,57,IR1,880,880,1724,NA,527,GasA,TA,0,0,880,Y,188000
20,NA,IR1,864,864,864,NA,576,GasA,TA,0,600,264,Y,111250
20,NA,IR1,1159,1051,1159,Fa,336,GasA,TA,188,673,378,Y,158000
20,NA,Reg,1601,1581,1601,TA,670,GasA,Gd,479,1358,223,Y,272000
20,85,Reg,1838,1838,1838,Gd,765,GasA,Ex,584,1260,578,Y,315000
60,NA,Reg,997,969,2285,TA,648,GasA,Gd,72,0,969,Y,248000
20,78,Reg,1680,1650,1680,TA,583,GasA,Gd,0,144,379,Y,213250
120,34,Reg,767,723,767,NA,367,GasA,TA,182,584,0,Y,133000
60,58,IR1,664,654,1496,Gd,426,GasA,Gd,0,554,100,Y,179665
50,NA,IR1,1377,1204,2183,NA,786,GasA,Gd,178,1002,0,Y,229000
50,70,IR1,915,1065,1635,Gd,440,GasA,TA,0,300,765,Y,210000
85,54,Reg,768,768,768,NA,624,GasA,TA,0,619,149,Y,129500
20,49,IR1,825,825,825,NA,720,GasA,TA,0,180,0,Y,125000
60,75,Reg,912,912,2094,Gd,615,GasA,Gd,0,0,912,Y,263000
120,53,Reg,1069,1069,1069,NA,440,GasA,TA,0,559,510,Y,140000
20,50,Reg,928,928,928,NA,288,GasA,TA,0,308,620,Y,112500
20,87,IR1,1717,1709,1717,Gd,908,GasA,Gd,250,0,1709,Y,255500
20,67,Reg,1126,0,1126,NA,520,GasA,TA,0,0,0,Y,108000
60,85,Reg,1006,998,2046,Gd,871,GasA,Gd,292,866,132,Y,284000
45,58,Reg,1048,993,1048,Gd,280,GasA,TA,0,0,993,Y,113000
20,69,IR1,1092,1092,1092,TA,299,GasA,TA,0,895,197,Y,141000
50,60,Reg,897,637,1336,NA,570,GasA,TA,0,637,0,Y,108000
60,57,IR2,729,729,1446,TA,406,GasA,TA,0,604,125,Y,175000
120,NA,Reg,1557,1374,1557,TA,420,GasA,Gd,18,0,1374,Y,234000
20,NA,IR1,1392,1392,1392,Gd,528,GasA,TA,180,1302,90,Y,121500
20,77,Reg,1389,1389,1389,TA,418,GasA,TA,0,1071,195,Y,170000
30,63,Reg,996,996,996,Gd,0,GasA,TA,0,290,706,Y,108000
50,66,Reg,1163,1163,1674,Gd,396,GasA,TA,0,0,1163,Y,185000
60,NA,IR1,1166,1095,2295,TA,590,GasA,Gd,0,728,367,Y,268000
70,66,Reg,841,806,1647,NA,216,GasA,TA,0,0,806,N,128000
60,77,IR1,1134,1122,2504,Gd,656,GasA,Gd,245,0,1122,Y,325000
20,70,IR1,1535,1517,1535,NA,532,GasA,Gd,168,2,1515,Y,214000
50,79,IR1,1496,1496,2132,Gd,612,GasA,Gd,0,1441,55,Y,316600
90,NA,IR1,943,943,943,TA,600,GasA,TA,0,943,0,Y,135960
90,74,IR1,1728,1728,1728,NA,576,GasA,TA,108,231,1497,Y,142600
20,60,Reg,864,864,864,NA,288,GasA,TA,207,414,450,Y,120000
60,83,IR1,846,846,1692,NA,650,GasA,TA,0,0,846,Y,224500
80,76,IR1,774,384,1430,TA,400,GasA,TA,0,0,384,Y,170000
80,70,Reg,576,372,1109,NA,288,GasA,TA,82,349,23,Y,139000
50,80,Reg,832,832,1216,NA,336,GasA,TA,0,442,390,Y,118500
50,52,Reg,877,861,1477,Gd,216,GasA,TA,0,0,861,Y,145000
80,96,IR1,1320,1164,1320,Fa,564,GasA,TA,97,328,285,Y,164500
160,34,Reg,703,689,1392,NA,540,GasA,Gd,0,0,689,Y,146000
50,81,Reg,1050,1050,1795,NA,352,GasA,TA,335,0,1050,N,131500
20,NA,IR1,1429,1144,1429,Gd,572,GasA,TA,85,594,331,Y,181900
20,98,Reg,2042,2042,2042,Gd,1390,GasA,Ex,306,0,2042,Y,253293
90,81,Reg,816,816,816,NA,0,GasA,TA,104,816,0,Y,118500
75,75,Reg,1521,1237,2775,Gd,880,GasA,Ex,0,0,1237,Y,325000
50,51,Reg,989,884,1573,NA,240,GasA,TA,0,0,884,Y,133000
20,88,Reg,2028,1868,2028,Gd,880,GasA,Gd,208,1460,408,Y,369900
30,55,Reg,838,816,838,NA,275,GasA,TA,0,210,0,Y,130000
85,74,IR1,860,840,860,NA,528,GasA,TA,0,672,168,Y,137000
20,65,IR1,1473,1437,1473,Gd,452,GasA,TA,0,1324,113,Y,143000
40,50,Reg,779,742,935,NA,308,GasA,TA,0,0,742,Y,79500
60,64,Reg,770,770,1582,NA,520,GasA,Gd,0,490,280,Y,185900
60,97,IR1,1728,1722,2296,Gd,842,GasA,Ex,420,1338,384,Y,451950
20,60,Reg,816,816,816,NA,816,GasA,TA,0,816,0,Y,138000
120,NA,Reg,848,848,848,NA,420,GasA,Gd,170,685,163,Y,140000
20,88,IR1,924,924,924,NA,280,GasA,TA,0,0,924,Y,110000
20,69,IR1,1826,1814,1826,TA,758,GasA,Gd,238,1422,392,Y,319000
70,60,Reg,684,684,1368,NA,216,GasA,TA,0,0,684,N,114504
120,53,Reg,1402,1258,1402,Gd,648,GasA,Gd,72,0,1258,Y,194201
20,80,Reg,1647,1430,1647,TA,621,GasA,TA,459,1283,0,Y,217500
160,24,Reg,716,716,1556,TA,452,GasA,TA,0,81,23,Y,151000
60,74,Reg,1058,1058,1904,Gd,736,GasA,Gd,280,546,512,Y,275000
50,50,Reg,780,780,1375,Gd,544,GasA,TA,0,0,780,Y,141000
60,80,IR1,927,908,1915,TA,506,GasA,Gd,0,789,119,Y,220000
160,30,Reg,600,600,1200,NA,480,GasA,Gd,0,0,600,Y,151000
20,88,IR1,1494,1494,1494,TA,530,GasA,Gd,99,922,572,Y,221000
60,85,Reg,1186,768,1986,Fa,486,GasA,TA,176,454,314,Y,205000
20,82,IR2,1040,1040,1040,NA,576,GasA,TA,0,732,308,Y,152000
20,78,Reg,1112,896,2008,NA,230,GasA,TA,0,603,293,Y,225000
70,78,Reg,1940,965,3194,Gd,380,GasA,TA,0,428,537,Y,359100
20,61,Reg,1029,1029,1029,NA,261,GasA,TA,192,903,126,Y,118500
60,NA,Reg,1476,1440,2153,Ex,736,GasA,Gd,204,904,536,Y,313000
80,NA,IR1,1032,1032,1032,TA,564,GasA,TA,233,605,427,Y,148000
60,NA,Reg,1299,1299,1872,TA,531,GasA,Gd,108,990,309,Y,261500
20,70,Reg,1120,1120,1120,NA,0,GasA,TA,0,206,914,Y,147000
180,21,Reg,630,630,630,NA,0,GasA,TA,0,150,0,Y,75500
85,80,Reg,1054,936,1054,NA,480,GasA,TA,156,763,173,Y,137500
60,NA,IR1,807,783,1509,Gd,393,GasA,Gd,0,457,326,Y,183200
45,59,Reg,832,832,832,NA,528,GasA,TA,0,0,832,Y,105500
20,90,Reg,1828,1822,1828,Gd,774,GasA,Ex,452,48,1774,Y,314813
60,85,Reg,1482,1482,2262,Gd,749,GasA,Gd,226,871,611,Y,305000
30,45,Reg,864,864,864,NA,0,GasA,TA,0,41,823,N,67000
60,90,Reg,1548,1522,2614,TA,624,GasA,TA,0,956,384,Y,240000
20,71,Reg,980,980,980,NA,484,GasA,TA,153,560,420,Y,135000
160,NA,Reg,756,756,1512,TA,440,GasA,Gd,513,420,336,Y,168500
60,80,Reg,1012,732,1790,TA,484,GasA,TA,288,247,485,Y,165150
20,87,IR1,1116,1116,1116,NA,440,GasA,TA,261,0,1116,Y,160000
20,NA,IR1,1422,978,1422,TA,286,GasA,TA,0,0,978,Y,139900
80,80,Reg,1520,1156,1520,Gd,364,GasA,TA,164,674,350,Y,153000
60,70,IR1,1040,1040,2080,TA,504,GasA,TA,192,650,390,Y,135000
80,82,Reg,1350,1248,1350,NA,520,GasA,TA,259,624,288,Y,168500
70,50,Reg,1089,636,1750,NA,240,GasA,TA,0,0,636,Y,124000
120,34,Reg,1554,1554,1554,Gd,627,GasA,Gd,108,24,1530,Y,209500
20,85,Reg,1411,1386,1411,TA,544,GasA,TA,209,822,564,Y,82500
20,80,Reg,1056,1056,1056,NA,260,GasA,TA,0,480,108,Y,139400
90,64,Reg,1056,1056,1056,NA,576,GasA,TA,0,1056,0,Y,144000
190,60,Reg,1440,1440,3395,NA,0,GasA,Fa,0,256,1184,Y,200000
30,51,Reg,800,264,800,Po,0,Grav,Fa,0,0,264,N,60000
190,50,Reg,811,811,1387,NA,256,GasA,TA,0,0,811,Y,93000
30,67,Reg,796,796,796,NA,0,GasA,TA,0,0,796,Y,85000
120,53,Reg,1567,1520,1567,Gd,648,GasA,Gd,0,1154,366,Y,264561
120,62,IR1,1518,1518,1518,Gd,588,GasA,Ex,472,1218,300,Y,274000
60,NA,Reg,1057,1057,1929,TA,650,GasA,Gd,0,738,319,Y,226000
80,75,Reg,2000,1952,2704,TA,538,GasA,Gd,0,1410,542,Y,345000
60,80,Reg,780,780,1620,NA,462,GasA,TA,263,493,0,Y,152000
20,85,Reg,1766,1766,1766,Gd,478,GasA,Ex,162,1121,645,Y,370878
20,NA,IR1,981,981,981,NA,576,GasA,TA,0,282,664,Y,143250
20,60,Reg,1048,0,1048,NA,420,GasA,TA,0,0,0,Y,98300
20,85,IR1,1094,1094,1094,Gd,495,GasA,TA,216,500,594,Y,155000
60,70,Reg,1051,756,1839,TA,442,GasA,TA,351,0,756,Y,155000
180,21,Reg,630,630,630,NA,0,GasA,TA,0,131,0,Y,84500
60,65,Reg,822,813,1665,NA,562,GasA,Gd,NA,0,813,Y,205950
70,60,Reg,755,755,1510,Gd,296,GasA,TA,0,0,755,Y,108000
60,70,Reg,909,880,1716,TA,512,GasA,Gd,0,0,880,Y,191000
50,60,Reg,756,756,1469,NA,216,GasA,TA,0,0,756,Y,135000
20,91,IR1,2113,2109,2113,TA,839,GasA,Gd,660,1696,413,Y,350000
160,21,Reg,525,525,1092,NA,264,GasA,TA,381,0,525,Y,88000
20,72,IR1,1053,1053,1053,NA,312,GasA,Gd,54,806,247,Y,145500
70,60,Reg,851,776,1502,Gd,270,GasA,TA,0,0,776,Y,149000
50,78,Reg,912,912,1458,Gd,330,GasA,TA,0,0,912,Y,97500
20,75,Reg,1486,1486,1486,NA,480,GasA,TA,0,637,849,Y,167000
60,NA,Reg,1142,793,1935,TA,550,GasA,TA,233,0,793,Y,197900
60,52,IR2,1686,1629,2448,TA,711,GasA,Gd,528,1361,88,Y,402000
20,120,Reg,1392,1392,1392,TA,576,GasA,TA,216,0,1392,Y,110000
85,90,Reg,1181,1138,1181,NA,588,GasA,TA,0,920,38,Y,137500
20,49,IR2,2097,2077,2097,Ex,1134,GasA,Gd,0,1721,356,Y,423000
60,106,IR1,1454,1406,1936,TA,504,GasA,Gd,40,0,1406,Y,230500
60,NA,IR1,1465,1021,2380,Po,596,GasA,TA,113,187,111,Y,129000
20,65,Reg,1679,1408,1679,Fa,575,GasA,TA,258,1138,270,Y,193500
20,NA,Reg,1437,1188,1437,TA,576,GasA,TA,0,988,200,Y,168000
30,80,Reg,1180,700,1180,Gd,252,GasA,TA,0,0,700,Y,137500
60,64,Reg,738,738,1476,NA,540,GasA,Gd,0,193,545,Y,173500
70,54,Reg,697,672,1369,NA,300,GasA,TA,0,551,121,N,103600
20,NA,IR1,1208,1208,1208,TA,546,GasA,Gd,0,767,441,Y,165000
20,110,Reg,1839,1477,1839,TA,416,GasA,TA,106,1186,291,Y,257500
20,80,Reg,1136,1136,1136,Gd,384,GasA,TA,0,892,244,Y,140000
160,24,Reg,855,855,1441,TA,440,GasA,TA,0,311,544,Y,148500
70,60,Reg,1095,1095,1774,NA,779,GasW,TA,0,0,1095,N,87000
30,52,Reg,792,768,792,NA,240,GasA,Gd,0,0,768,Y,109500
20,80,IR1,2046,2046,2046,Gd,834,GasA,Gd,464,0,2046,Y,372500
20,NA,IR1,988,988,988,NA,572,GasA,TA,57,827,161,Y,128500
120,50,Reg,923,923,923,TA,264,GasA,TA,0,543,261,Y,143000
50,55,IR2,848,793,1520,NA,281,GasA,TA,0,182,611,Y,159434
120,NA,Reg,1291,1291,1291,Gd,431,GasA,TA,0,1003,288,Y,173000
20,90,IR1,1668,1626,1668,TA,702,GasA,Gd,215,1059,567,Y,285000
60,58,IR2,1195,1195,1839,NA,486,GasA,Gd,30,0,1195,Y,221000
160,NA,IR1,1190,1190,2090,TA,577,GasA,Gd,0,828,180,Y,207500
60,84,Reg,874,874,1761,NA,578,GasA,Gd,0,0,874,Y,227875
160,NA,IR2,551,551,1102,NA,480,GasA,Gd,0,239,312,Y,148800
20,60,Reg,1419,1419,1419,Gd,567,GasA,Gd,0,945,474,Y,392000
120,61,IR1,1362,1362,1362,Gd,460,GasA,Gd,256,20,1342,Y,194700
120,NA,Reg,848,848,848,TA,420,GasA,Gd,147,697,151,Y,141000
60,104,IR1,2444,2444,4316,Ex,832,GasA,Ex,1170,1455,989,Y,755000
60,42,IR1,1238,1210,2519,Gd,628,GasA,Gd,293,965,245,Y,335000
30,60,Reg,1073,1073,1073,NA,326,GasA,TA,0,0,1073,Y,108480
50,51,Reg,1067,927,1539,NA,576,GasA,TA,0,0,927,Y,141500
20,54,IR1,1137,1112,1137,TA,551,GasA,TA,72,980,92,Y,176000
30,50,Reg,616,616,616,NA,205,GasA,TA,0,616,0,Y,89000
20,57,IR1,1148,980,1148,NA,308,GasA,TA,0,210,219,Y,123500
20,65,Reg,894,894,894,Gd,336,GasA,TA,0,553,224,Y,138500
120,59,IR2,1391,1391,1391,NA,530,GasA,Gd,0,16,1375,Y,196000
20,85,Reg,1800,1800,1800,Gd,765,GasA,Gd,630,1274,526,Y,312500
20,80,Reg,1164,1164,1164,NA,528,GasA,TA,168,0,1164,Y,140000
60,82,IR1,1264,1234,2576,Gd,666,GasA,Ex,466,0,1234,Y,361919
190,76,Reg,1032,360,1812,Po,672,GasA,TA,0,0,360,Y,140000
20,70,Reg,1484,1473,1484,NA,606,GasA,Gd,109,712,761,Y,213000
190,70,Reg,372,0,1092,NA,0,GasA,Fa,0,0,0,N,55000
20,NA,IR2,1824,1643,1824,TA,739,GasA,TA,351,1219,424,Y,302000
120,48,Reg,1324,1324,1324,Gd,550,GasA,Gd,176,863,461,Y,254000
60,65,IR1,728,728,1456,Gd,400,GasA,Gd,0,0,728,Y,179540
20,NA,IR1,904,876,904,NA,408,GasA,TA,41,0,876,Y,109900
30,56,IR1,729,270,729,NA,0,GasA,Gd,0,0,270,Y,52000
50,66,Reg,859,859,1178,NA,384,GasA,TA,0,0,859,Y,102776
120,40,IR1,1228,1228,1228,Gd,472,GasA,Gd,0,767,461,Y,189000
190,60,Reg,960,960,960,NA,576,GasW,TA,160,789,171,N,129000
60,NA,IR1,725,725,1479,NA,475,GasA,Gd,289,533,192,Y,130500
20,78,Reg,1350,1064,1350,TA,478,GasA,TA,174,0,1064,Y,165000
70,60,Reg,1576,718,2554,NA,704,GasA,TA,0,0,718,Y,159500
20,80,Reg,1178,1176,1178,Fa,439,GasA,TA,0,1084,92,Y,157000
60,96,Reg,1325,1311,2418,TA,983,GasA,Gd,651,1173,138,Y,341000
20,69,IR1,971,971,971,Po,300,GasA,TA,0,523,448,Y,128500
120,NA,IR1,1742,1742,1742,TA,564,GasA,Gd,0,1148,594,Y,275000
120,NA,Reg,848,848,848,NA,420,GasA,Gd,169,662,186,Y,143000
20,70,Reg,864,864,864,NA,463,GasA,TA,0,191,673,Y,124500
50,60,Reg,997,941,1470,NA,548,GasA,TA,0,0,941,Y,135000
20,86,IR1,1698,1698,1698,Gd,768,GasA,Ex,340,1234,464,Y,320000
20,60,Reg,864,864,864,NA,660,GasA,TA,0,375,250,Y,120500
20,NA,IR1,1680,880,1680,Gd,540,GasA,Gd,260,808,72,Y,222000
20,64,Reg,1232,1232,1232,NA,632,GasA,Gd,82,724,508,Y,194500
90,85,Reg,1776,1584,1776,NA,888,GasA,TA,95,0,1584,Y,110000
30,52,Reg,848,780,1208,NA,539,GasA,TA,0,152,628,Y,103000
120,39,IR1,1616,1595,1616,TA,608,GasA,Gd,0,1180,415,Y,236500
80,73,IR1,1146,868,1146,Gd,438,GasA,Gd,442,786,82,Y,187500
60,75,IR1,1153,1153,2031,TA,541,GasA,Gd,202,252,901,Y,222500
20,80,Reg,1144,864,1144,TA,264,GasA,TA,0,594,270,Y,131400
20,NA,IR1,948,948,948,NA,300,GasA,TA,0,0,948,Y,108000
75,60,Reg,880,880,1768,TA,320,GasW,TA,0,390,490,N,163000
90,60,Reg,1040,0,1040,NA,400,GasA,TA,0,0,0,N,93500
60,72,IR1,901,893,1801,Gd,800,GasA,Gd,0,0,893,Y,239900
90,60,Reg,1200,1200,1200,NA,0,GasA,TA,0,1200,0,Y,179000
60,65,IR1,864,864,1728,NA,572,GasA,Gd,0,0,864,Y,190000
70,60,Reg,768,264,1432,NA,360,GasA,TA,0,0,264,Y,132000
20,65,IR1,912,912,912,NA,288,GasA,TA,0,832,80,Y,142000
20,65,Reg,1349,1349,1349,NA,539,GasA,TA,108,0,1349,Y,179000
80,70,IR1,1464,520,1464,TA,480,GasA,TA,0,444,76,Y,175000
120,41,IR1,1337,1337,1337,TA,462,GasA,Gd,0,733,604,Y,180000
60,NA,IR1,1175,1142,2715,TA,831,GasA,Ex,289,575,487,Y,299800
60,NA,IR1,980,952,2256,TA,554,GasA,Gd,0,300,652,Y,236000
70,65,IR1,1320,1240,2640,Gd,864,GasW,Gd,0,0,1240,N,265979
20,59,IR1,1720,1720,1720,TA,527,GasA,Gd,338,919,801,Y,260400
50,50,Reg,1088,0,1529,NA,240,Wall,TA,0,0,0,N,98000
50,55,Reg,792,576,1140,NA,0,GasA,TA,0,0,576,Y,96500
60,NA,Reg,660,660,1320,NA,400,GasA,Gd,0,0,660,Y,162000
20,79,IR1,1494,1479,1494,NA,576,GasA,TA,0,1200,279,Y,217000
60,80,Reg,1038,1030,2098,Gd,878,GasA,Gd,178,0,1030,Y,275500
20,61,Reg,1026,1026,1026,NA,440,GasA,TA,0,439,115,Y,156000
160,34,Reg,742,729,1471,NA,440,GasA,TA,894,381,348,Y,172500
60,68,IR1,866,866,1768,NA,578,GasA,Gd,0,20,846,Y,212000
60,NA,IR1,672,672,1386,TA,440,GasA,TA,328,438,234,Y,158900
160,24,Reg,757,744,1501,NA,440,GasA,TA,360,549,195,Y,179400
60,65,IR1,1328,1318,2531,TA,752,GasA,Gd,513,56,1198,Y,290000
20,70,Reg,864,864,864,NA,300,GasA,TA,0,612,252,Y,127500
30,60,Reg,1301,1145,1301,NA,440,GasA,TA,0,405,740,Y,100000
60,72,Reg,764,756,1547,NA,614,GasA,TA,0,24,732,Y,215200
60,82,Reg,1268,1252,2365,Gd,856,GasA,Gd,673,1163,89,Y,337000
120,30,IR1,1494,1494,1494,Gd,481,GasA,Gd,0,437,0,Y,270000
20,75,IR1,1506,1498,1506,Gd,592,GasA,Gd,284,0,1498,Y,264132
60,80,Reg,980,980,1714,TA,496,GasA,TA,42,394,586,Y,196500
50,75,IR1,983,983,1750,NA,423,GasA,TA,0,660,323,Y,160000
20,70,Reg,1836,1860,1836,Gd,484,GasA,Gd,0,24,1836,Y,216837
60,47,IR2,1690,1650,3279,Gd,841,GasA,Ex,603,1416,234,Y,538000
85,NA,IR1,858,858,858,NA,576,GasA,TA,0,685,173,Y,134900
20,67,Reg,1220,836,1220,NA,396,GasA,TA,0,836,0,Y,102000
80,94,Reg,1117,1029,1117,TA,672,GasA,TA,0,422,480,Y,107000
20,70,Reg,912,912,912,NA,275,GasA,TA,1,456,456,Y,114500
20,110,Reg,1973,1935,1973,Gd,895,GasA,Gd,375,0,1935,Y,395000
120,32,Reg,1204,1204,1204,NA,412,GasA,TA,320,866,338,Y,162000
20,86,IR1,1614,1614,1614,NA,865,GasA,Gd,240,20,1594,Y,221500
20,100,IR1,894,864,894,Fa,440,GasA,TA,0,762,102,Y,142500
90,60,Reg,2020,0,2020,TA,630,GasA,TA,320,0,0,Y,144000
90,78,Reg,1004,975,1004,NA,504,GasA,TA,90,975,0,Y,135000
20,63,Reg,1253,1237,1253,TA,402,GasA,TA,38,0,1237,Y,176000
60,65,Reg,810,761,1603,NA,484,GasA,Gd,0,387,374,Y,175900
20,67,IR2,1430,1413,1430,NA,605,GasA,Gd,0,0,1413,Y,187100
85,NA,IR1,1110,1097,1110,TA,602,GasA,TA,104,1097,0,Y,165500
75,35,Reg,742,742,1484,Gd,0,GasA,TA,0,0,742,Y,128000
20,NA,Reg,1342,1372,1342,Gd,457,GasA,TA,0,251,491,Y,161500
50,60,Reg,966,686,1652,NA,416,GasA,TA,0,686,0,Y,139000
60,76,IR1,956,956,2084,NA,618,GasA,Gd,0,656,300,Y,233000
20,50,Reg,901,901,901,NA,281,GasA,TA,0,0,901,Y,107900
60,NA,IR1,976,832,2087,NA,444,GasA,TA,157,568,264,Y,187500
120,43,Reg,1145,1145,1145,Gd,397,GasA,Gd,11,16,1129,Y,160200
80,NA,IR1,1062,1029,1062,TA,539,GasA,TA,0,539,490,Y,146800
60,92,IR1,1127,1117,2013,TA,455,GasA,Gd,0,862,255,Y,269790
20,76,Reg,1496,1496,1496,NA,474,GasA,Gd,140,0,1496,Y,225000
60,NA,IR1,1086,712,1895,TA,409,GasA,Gd,0,0,712,Y,194500
60,70,Reg,888,650,1564,TA,476,GasA,TA,130,0,650,Y,171000
20,71,Reg,1285,660,1285,TA,528,GasA,TA,148,0,660,Y,143500
20,57,Reg,773,773,773,NA,240,GasA,TA,0,570,203,Y,110000
60,104,Reg,1966,1926,3140,Gd,820,GasA,Ex,860,0,1926,Y,485000
50,60,Reg,981,731,1768,TA,240,GasA,TA,252,569,162,Y,175000
60,79,IR1,616,616,1688,NA,603,GasA,TA,0,462,154,Y,200000
30,40,Reg,1196,1196,1196,NA,440,GasA,TA,0,197,999,Y,109900
60,63,Reg,728,728,1456,Gd,410,GasA,Gd,0,648,80,Y,189000
60,107,Reg,1734,1734,2822,Gd,1020,GasA,Ex,424,0,1734,Y,582933
20,75,Reg,1128,936,1128,NA,286,GasA,TA,0,812,124,Y,118000
20,91,IR1,1428,1417,1428,NA,554,GasA,Gd,256,0,1417,Y,227680
80,75,Reg,980,980,980,NA,384,GasA,TA,0,400,100,Y,135500
70,144,Reg,1072,1324,1576,TA,528,GasA,TA,0,1309,15,Y,223500
80,85,Reg,1086,1024,1086,Gd,484,GasA,TA,1047,516,380,Y,159950
75,90,Reg,1075,849,2138,NA,360,GasA,TA,0,0,849,N,106000
20,78,Reg,1309,1040,1309,Fa,484,GasA,TA,99,663,0,Y,181000
120,NA,Reg,848,848,848,Gd,420,GasA,Gd,169,662,186,Y,144500
20,66,Reg,1044,540,1044,NA,504,GasA,Fa,0,0,540,N,55993
20,75,Reg,1442,1442,1442,NA,301,GasA,TA,243,608,834,Y,157900
50,45,Reg,686,686,1250,NA,280,GasW,TA,0,0,686,Y,116000
20,48,IR2,1661,1649,1661,NA,598,GasA,TA,442,0,1649,Y,224900
20,NA,IR1,1008,1008,1008,Gd,275,GasA,TA,0,486,522,Y,137000
20,NA,IR1,1689,1568,1689,Gd,857,GasA,Gd,148,1218,350,Y,271000
80,80,Reg,1052,1010,1052,NA,440,GasA,TA,80,504,506,Y,155000
120,44,IR1,1358,1358,1358,Gd,484,GasA,Gd,128,733,625,Y,224000
60,72,IR1,798,798,1640,NA,595,GasA,Gd,0,0,798,Y,183000
20,60,Reg,936,936,936,NA,576,GasA,Fa,0,0,936,N,93000
60,NA,IR1,847,847,1733,Gd,433,GasA,Gd,0,0,847,Y,225000
50,60,Reg,944,778,1489,Gd,240,GasA,TA,0,0,778,Y,139500
20,81,Reg,1489,1489,1489,Gd,776,GasA,Gd,0,0,1489,Y,232600
20,114,Reg,2084,2078,2084,Gd,1220,GasA,Ex,816,1636,442,Y,385000
45,50,Reg,784,784,784,NA,0,GasA,TA,0,784,0,Y,109500
20,65,IR1,1434,1454,1434,TA,527,GasA,Gd,0,20,1434,Y,189000
60,NA,IR2,1160,1013,2126,NA,538,GasA,TA,0,249,0,Y,185000
160,24,Reg,520,600,1223,NA,480,GasA,Gd,0,0,600,Y,147400
20,80,IR1,1392,1392,1392,Gd,458,GasA,TA,387,1040,352,Y,166000
160,30,Reg,520,600,1200,NA,480,GasA,TA,0,0,600,Y,151000
60,44,IR1,941,941,1829,TA,613,GasA,Gd,223,483,458,Y,237000
20,100,Reg,1516,1516,1516,NA,472,GasA,TA,180,196,975,Y,167000
20,75,Reg,1144,1144,1144,NA,456,GasA,TA,136,572,572,Y,139950
20,60,Reg,1067,1067,1067,NA,436,GasA,TA,0,442,625,Y,128000
30,90,Reg,1559,1559,1559,NA,812,GasA,TA,0,338,1221,Y,153500
160,21,Reg,483,483,987,NA,264,GasA,TA,158,330,153,Y,100000
20,75,Reg,1099,1099,1099,NA,352,GasA,TA,0,0,1099,Y,144000
50,70,Reg,768,768,1200,NA,240,GasA,TA,0,352,416,Y,130500
70,NA,IR1,810,672,1482,NA,400,GasA,TA,0,156,516,N,140000
70,60,Reg,958,650,1539,Po,686,GasA,TA,0,0,650,Y,157500
80,82,Reg,1165,1127,1165,NA,490,GasA,TA,183,312,276,Y,174900
90,80,Reg,1800,1800,1800,NA,0,GasA,TA,0,0,1800,N,141000
50,100,IR1,876,876,1416,Gd,720,GasA,TA,0,0,876,Y,153900
85,NA,IR1,1701,1390,1701,TA,611,GasA,TA,0,1390,0,Y,171000
60,75,Reg,1006,740,1775,TA,425,GasA,Gd,137,513,227,Y,213000
20,36,IR1,864,864,864,Fa,338,GasA,TA,0,460,404,Y,133500
50,75,IR2,1307,907,2358,Gd,360,GasA,TA,0,0,907,Y,240000
80,80,Reg,1094,528,1855,TA,512,GasA,Gd,360,0,528,Y,187000
120,36,Reg,848,848,848,NA,420,GasA,Gd,170,659,189,Y,131500
120,NA,Reg,1456,1273,1456,TA,400,GasA,Gd,40,0,1273,Y,215000
75,53,Reg,918,918,1646,Gd,240,GasA,TA,0,364,554,Y,164000
80,NA,IR1,1445,1127,1445,Fa,645,GasA,TA,115,564,563,Y,158000
20,102,Reg,1779,1763,1779,Gd,454,GasA,TA,0,306,372,Y,170000
20,NA,IR1,1040,1040,1040,NA,260,GasA,TA,0,659,381,Y,127000
80,NA,IR1,1026,940,1026,NA,576,GasA,TA,0,505,0,Y,147000
60,65,Reg,702,702,1481,TA,343,GasA,TA,0,0,702,Y,174000
20,80,Reg,1370,1090,1370,TA,479,GasA,TA,189,0,1090,Y,152000
60,NA,IR1,1512,1054,2654,Gd,619,GasA,TA,220,619,435,Y,250000
50,55,Reg,912,912,1426,Gd,216,GasA,Gd,0,0,912,Y,189950
190,75,Reg,1039,1039,1039,NA,504,GasA,TA,0,841,198,Y,131500
20,81,Reg,1097,1040,1097,NA,480,GasA,TA,0,338,702,Y,152000
20,70,Reg,1148,1148,1148,NA,672,GasA,TA,0,1148,0,Y,132500
20,72,Reg,1372,1372,1372,NA,529,GasA,Gd,0,0,1372,Y,250580
20,NA,IR1,1002,1002,1002,NA,902,GasA,TA,76,828,174,Y,148500
20,67,IR1,1646,1638,1646,Gd,870,GasA,Gd,274,0,1638,Y,248900
20,85,Reg,1120,1040,1120,NA,544,GasA,TA,0,932,108,Y,129000
60,NA,IR2,1547,0,2320,TA,672,GasA,TA,0,0,0,Y,169000
60,80,Reg,1062,1050,1949,TA,574,GasA,Gd,246,750,300,Y,236000
20,60,Reg,894,894,894,NA,308,GasA,TA,0,0,894,N,109500
60,70,Reg,804,804,1682,NA,523,GasA,TA,116,505,299,Y,200500
20,74,Reg,910,105,910,NA,414,GasA,Gd,0,0,105,Y,116000
40,60,Reg,1036,832,1268,Gd,288,GasA,Gd,0,375,457,Y,133000
50,52,Reg,676,676,1131,NA,200,GasA,TA,0,0,676,Y,66500
60,75,Reg,1184,1184,2610,Gd,550,GasA,Gd,0,64,1120,Y,303477
20,94,Reg,1040,1064,1040,NA,648,GasA,TA,0,633,431,Y,132250
60,74,Reg,1462,1462,2224,Gd,738,GasA,Gd,216,1170,292,Y,350000
85,88,IR1,1155,1109,1155,NA,576,GasA,TA,0,899,210,Y,148000
20,NA,IR1,864,864,864,NA,336,GasA,Gd,90,646,218,Y,136500
20,60,Reg,1090,1090,1090,NA,450,GasA,TA,0,980,110,Y,157000
50,44,IR1,1187,1156,1717,TA,400,GasA,Gd,117,902,254,Y,187500
60,NA,IR1,808,808,1593,TA,389,GasA,TA,0,0,808,Y,178000
75,60,Reg,954,795,2230,NA,440,GasA,Gd,0,0,795,N,118500
20,65,Reg,892,892,892,NA,288,GasA,TA,60,432,460,Y,100000
120,50,IR1,1709,1698,1709,TA,506,GasA,Gd,60,1238,460,Y,328900
90,70,Reg,1712,1626,1712,NA,588,GasA,TA,122,528,1098,Y,145000
50,59,IR1,872,816,1393,NA,300,GasA,TA,0,0,816,Y,135500
20,95,IR1,2217,2217,2217,TA,621,GasA,Gd,0,351,1043,Y,268000
20,128,Reg,1505,1505,1505,TA,505,GasA,TA,90,1024,481,Y,149500
50,60,Reg,672,672,924,Po,576,GasA,TA,0,0,672,Y,122900
60,70,Reg,918,918,1683,TA,440,GasA,TA,92,226,192,Y,172500
20,70,Reg,1068,1059,1068,NA,264,GasA,TA,0,663,396,Y,154500
20,NA,Reg,1383,1383,1383,Gd,354,GasA,TA,0,1064,319,Y,165000
90,64,Reg,1535,0,1535,NA,400,GasA,TA,0,0,0,Y,118858
60,71,Reg,983,780,1796,TA,483,GasA,TA,415,400,380,Y,140000
30,50,Reg,951,951,951,NA,327,GasA,TA,0,285,666,N,106500
90,64,Reg,1120,0,2240,NA,528,GasA,TA,0,0,0,Y,142953
20,100,IR1,2364,2330,2364,Gd,820,GasA,Ex,760,2188,142,Y,611657
20,65,Reg,1236,912,1236,TA,288,GasA,TA,0,465,447,Y,135000
20,NA,IR1,858,858,858,NA,684,GasA,TA,0,322,536,Y,110000
20,64,IR1,1306,992,1306,NA,756,GasA,TA,0,860,132,Y,153000
60,63,Reg,807,783,1509,Gd,393,GasA,Gd,0,0,783,Y,180000
20,50,IR1,1670,1670,1670,Gd,690,GasA,Gd,27,0,1670,Y,240000
20,NA,IR1,902,876,902,NA,288,GasA,TA,75,599,277,Y,125500
20,80,Reg,1063,1056,1063,NA,280,GasA,TA,110,354,412,Y,128000
20,116,IR1,1636,1623,1636,Gd,865,GasA,Gd,208,63,1560,Y,255000
50,86,IR1,1020,1017,2057,Gd,180,GasA,Gd,0,223,794,Y,250000
20,NA,IR1,902,864,902,NA,484,GasA,TA,0,301,239,Y,131000
60,149,IR2,742,742,1484,Gd,390,GasA,Gd,0,0,742,Y,174000
90,80,Reg,1105,1105,2274,NA,480,GasA,TA,361,443,662,Y,154300
20,NA,IR1,1268,1268,1268,NA,252,GasA,TA,0,196,1072,Y,143500
30,51,Reg,1015,768,1015,NA,450,GasA,TA,0,489,279,N,88000
90,82,Reg,1001,1001,2002,NA,871,GasA,TA,0,284,717,N,145000
160,30,Reg,612,612,1224,NA,528,GasA,Gd,76,294,318,Y,173733
160,21,Reg,546,546,1092,NA,286,GasA,TA,80,0,546,Y,75000
20,50,Reg,480,480,480,NA,308,GasA,TA,0,50,430,N,35311
20,NA,Reg,1229,1134,1229,NA,284,GasA,TA,0,1059,75,Y,135000
60,103,IR1,912,1104,2127,TA,833,GasA,Gd,0,48,422,Y,238000
20,87,IR1,1414,1184,1414,TA,601,GasA,Ex,0,528,245,Y,176500
60,70,IR1,936,928,1721,NA,471,GasA,Gd,105,814,114,Y,201000
90,67,Reg,1272,1272,2200,NA,0,GasA,TA,0,1084,188,Y,145900
20,65,Reg,1316,1316,1316,Gd,397,GasA,Gd,0,28,1288,Y,169990
120,50,Reg,1617,1604,1617,Fa,533,GasA,Gd,0,165,598,Y,193000
20,79,Reg,1686,1686,1686,TA,612,GasA,TA,157,625,0,Y,207500
20,NA,IR1,1126,1126,1126,NA,540,GasA,TA,0,767,266,Y,175000
60,93,Reg,1234,1181,2374,Gd,656,GasA,Gd,340,0,1181,Y,285000
60,NA,Reg,1098,832,1978,Gd,486,GasA,TA,342,552,280,Y,176000
20,NA,Reg,1788,1753,1788,TA,522,GasA,Gd,0,0,1753,Y,236500
60,NA,IR1,993,964,2236,TA,642,GasA,TA,285,0,964,Y,222000
20,73,IR1,1466,1466,1466,NA,610,GasA,Gd,0,16,1450,Y,201000
20,70,Reg,925,925,925,NA,429,GasA,TA,0,338,121,Y,117500
20,84,IR1,1905,1905,1905,Gd,788,GasA,Ex,302,0,1905,Y,320000
20,63,Reg,1500,1500,1500,NA,570,GasA,Gd,210,20,1480,Y,190000
20,313,IR2,2069,585,2069,Gd,505,GasA,TA,0,425,160,Y,242000
30,52,IR1,747,600,747,NA,528,GasA,TA,108,0,600,Y,79900
20,67,Reg,1200,1176,1200,NA,555,GasA,Gd,NA,833,343,Y,184900
60,75,Reg,1113,1113,1971,Gd,689,GasA,Gd,0,341,772,Y,253000
60,73,Reg,1391,1391,1962,NA,868,GasA,Gd,0,464,927,Y,239799
70,NA,Reg,1207,1032,2403,TA,349,GasA,TA,0,0,1032,Y,244400
90,55,IR1,1728,1728,1728,NA,574,GasA,TA,0,936,396,Y,150900
60,NA,IR1,1022,992,2060,TA,390,GasA,Gd,298,772,220,Y,214000
90,42,IR1,1440,1440,1440,NA,0,GasA,TA,0,1440,0,Y,150000
90,100,Reg,1632,1632,1632,NA,576,GasA,TA,0,0,1632,Y,143000
20,NA,IR1,1344,819,1344,Gd,525,GasA,TA,541,111,354,Y,137500
50,98,Reg,1188,1088,1869,NA,456,GasA,TA,0,1088,0,Y,124900
80,70,Reg,1144,1144,1144,TA,796,GasA,TA,128,748,102,Y,143000
20,85,Reg,1629,1616,1629,Gd,808,GasA,Gd,236,1300,316,Y,270000
60,65,IR1,936,936,1776,TA,474,GasA,Gd,144,0,936,Y,192500
20,78,Reg,1381,1161,1381,TA,676,GasA,TA,0,982,179,Y,197500
20,60,Reg,864,864,864,NA,720,GasA,TA,0,398,317,Y,129000
20,60,Reg,965,828,965,NA,300,GasA,TA,0,641,187,Y,119900
85,60,Reg,768,768,768,NA,396,GasA,TA,0,660,108,Y,133900
60,NA,IR1,1168,784,1968,Po,530,GasA,TA,232,562,29,Y,172000
90,35,IR1,980,945,980,NA,0,GasA,TA,250,945,0,Y,127500
90,82,IR1,979,979,1958,NA,492,GasA,TA,423,484,495,N,145000
160,24,Reg,561,561,1229,TA,462,GasA,TA,0,285,276,Y,124000
20,70,Reg,1057,1057,1057,NA,576,GasA,TA,0,417,640,Y,132000
20,65,Reg,1337,1337,1337,NA,531,GasA,Gd,0,699,638,Y,185000
160,24,Reg,696,696,1416,NA,484,GasA,Gd,0,604,92,Y,155000
20,50,IR1,858,858,858,NA,0,GasA,TA,0,696,162,Y,116500
60,NA,IR1,1542,1330,2872,TA,619,GasA,TA,424,896,434,Y,272000
160,24,Reg,804,804,1548,TA,440,GasA,TA,0,556,248,Y,155000
20,122,IR1,1800,1800,1800,NA,702,GasA,Gd,0,0,1800,Y,239000
60,80,Reg,824,817,1894,Gd,510,GasA,Gd,44,624,193,Y,214900
60,65,Reg,783,783,1484,Gd,393,GasA,Gd,0,0,783,Y,178900
50,130,IR1,976,728,1308,TA,256,GasA,Gd,0,428,300,Y,160000
20,NA,IR1,1098,1098,1098,NA,260,GasA,TA,151,902,196,Y,135000
50,50,Reg,600,600,968,NA,0,Grav,TA,0,0,600,N,37900
190,75,Reg,1095,588,1095,NA,264,GasA,TA,105,513,75,Y,140000
50,60,Reg,720,720,1192,NA,0,GasA,TA,0,0,720,N,135000
160,36,Reg,764,764,1626,NA,474,GasA,Gd,106,567,197,Y,173000
120,55,Reg,918,918,918,TA,264,GasA,TA,0,0,918,Y,99500
20,95,Reg,1428,1428,1428,NA,480,GasA,Gd,NA,0,1428,Y,182000
70,60,IR1,1136,728,2019,NA,532,GasA,TA,0,0,728,N,167500
160,NA,Reg,673,673,1382,NA,490,GasA,Gd,0,641,32,Y,165000
30,51,IR1,869,440,869,NA,0,GasA,TA,0,0,440,Y,85500
120,35,IR1,1241,1241,1241,NA,569,GasA,Gd,NA,1106,135,Y,199900
20,68,Reg,894,894,894,NA,400,GasA,TA,0,552,342,Y,110000
20,80,Reg,1121,1121,1121,NA,480,GasA,TA,0,651,470,Y,139000
85,NA,IR1,999,944,999,NA,588,GasA,Ex,210,867,77,Y,178400
60,98,IR1,1276,1225,2612,TA,676,GasA,Gd,975,854,371,Y,336000
20,43,Reg,1266,1266,1266,Gd,388,GasA,Gd,16,0,1266,Y,159895
60,NA,Reg,1149,1128,2290,Gd,779,GasA,Gd,0,0,1128,Y,255900
90,75,Reg,1302,0,1734,NA,539,GasA,TA,0,0,0,Y,126000
190,68,Reg,1164,1164,1164,NA,240,GasW,TA,0,1040,124,N,125000
50,59,Reg,1001,485,1635,NA,255,GasA,TA,0,0,485,Y,117000
20,83,IR1,1940,1930,1940,Gd,606,GasA,Ex,450,1646,284,Y,395192
60,NA,IR1,1118,848,2030,TA,551,GasA,TA,298,156,692,Y,195000
60,65,Reg,778,770,1576,NA,614,GasA,Gd,0,0,770,Y,197000
60,82,Reg,1407,1396,2392,TA,870,GasA,Gd,423,1074,322,Y,348000
70,121,Reg,916,916,1742,Gd,424,GasA,Gd,0,216,700,Y,168000
60,80,Reg,1020,822,1851,Fa,440,GasA,TA,340,536,169,Y,187000
60,68,Reg,750,750,1500,NA,564,GasA,TA,0,0,750,Y,173900
20,96,Reg,1718,1700,1718,Gd,786,GasA,Ex,230,1172,528,Y,337500
50,51,IR1,774,747,1230,NA,305,GasA,TA,0,384,363,Y,121600
20,NA,IR1,1050,1050,1050,NA,368,GasA,TA,0,915,135,Y,136500
20,NA,IR1,1442,1442,1442,TA,615,GasA,TA,571,0,1442,Y,185000
30,60,Reg,1077,1007,1077,Gd,210,GasA,TA,0,0,1007,N,91000
20,64,Reg,1208,1187,1208,NA,632,GasA,Gd,24,686,501,Y,206000
20,74,Reg,944,0,944,NA,528,GasW,TA,0,0,0,N,82000
30,60,Reg,691,691,691,NA,216,GasA,TA,0,0,691,Y,86000
20,75,IR1,1574,1574,1574,Gd,824,GasA,Gd,53,24,1550,Y,232000
90,NA,IR1,1680,1680,1680,NA,528,GasA,TA,164,0,1680,Y,136905
120,43,Reg,1504,1346,1504,Gd,457,GasA,Gd,16,16,1330,Y,181000
80,65,Reg,985,985,985,NA,328,GasA,Gd,220,595,390,Y,149900
20,NA,IR3,1657,1657,1657,TA,484,GasA,TA,0,1237,420,Y,163500
160,21,Reg,546,546,1092,NA,286,GasA,TA,0,273,0,Y,88000
20,43,IR1,1710,1710,1710,Gd,550,GasA,Gd,108,0,1710,Y,240000
50,60,Reg,1008,1008,1522,NA,0,GasA,TA,0,0,1008,Y,102000
50,115,Reg,720,720,1271,Gd,312,GasA,TA,0,0,720,Y,135000
90,75,Reg,1664,0,1664,NA,0,GasA,TA,0,0,0,N,100000
70,55,Reg,900,602,1502,TA,180,GasA,TA,0,0,602,Y,165000
30,60,Reg,1022,1022,1022,NA,280,GasW,TA,0,247,310,N,85000
20,60,Reg,1082,1082,1082,Gd,240,GasA,TA,206,336,746,Y,119200
60,70,Reg,810,810,1665,NA,528,GasA,Gd,0,643,167,Y,227000
20,73,Reg,1504,1504,1504,TA,478,GasA,Gd,196,690,814,Y,203000
120,NA,IR1,1360,1220,1360,Ex,565,GasA,Gd,0,1036,184,Y,187500
80,NA,IR1,802,384,1472,TA,402,GasA,Gd,76,0,384,Y,160000
120,43,Reg,1506,1362,1506,Gd,440,GasA,Gd,145,16,1346,Y,213490
20,60,Reg,1132,1132,1132,NA,451,GasA,TA,0,1024,108,Y,176000
20,64,Reg,1220,1199,1220,NA,632,GasA,Gd,84,684,515,Y,194000
50,52,Reg,912,912,1248,NA,160,GasA,TA,0,324,588,Y,87000
120,43,Reg,1504,1346,1504,Gd,437,GasA,Gd,14,16,1330,Y,191000
20,NA,IR1,2898,1565,2898,Gd,665,GasA,Gd,0,1165,0,Y,287000
20,70,Reg,882,882,882,NA,461,GasA,TA,0,138,276,Y,112500
20,73,Reg,1264,1268,1264,Gd,461,GasA,TA,324,697,571,Y,167500
20,71,IR1,1646,1638,1646,Gd,800,GasA,Gd,338,1513,125,Y,293077
50,79,Reg,968,768,1376,Gd,240,GasA,TA,0,368,359,Y,105000
160,21,Reg,672,672,1218,NA,264,GasA,TA,281,317,355,Y,118000
190,NA,Reg,948,686,1928,NA,0,GasA,TA,0,0,686,Y,160000
75,102,Reg,1687,824,3082,TA,672,GasA,TA,0,523,301,Y,197000
60,NA,IR1,1352,1338,2520,TA,796,GasA,Gd,0,1012,326,Y,310000
20,NA,Reg,1654,1654,1654,NA,900,GasA,Gd,295,986,668,Y,230000
30,50,Reg,954,920,954,Gd,240,GasA,TA,0,0,920,Y,119750
20,NA,IR1,845,0,845,NA,290,GasA,TA,0,0,0,N,84000
20,89,IR1,1620,1620,1620,Ex,912,GasA,Gd,70,1022,598,Y,315500
60,NA,Reg,1055,1055,2263,TA,905,GasA,Gd,396,0,1055,Y,287000
160,21,Reg,798,546,1344,TA,0,GasA,TA,0,0,546,Y,97000
180,21,Reg,630,630,630,NA,286,GasA,TA,0,509,121,Y,80000
20,88,Reg,1803,1134,1803,TA,484,GasA,TA,67,168,284,Y,155000
60,NA,Reg,800,800,1632,NA,484,GasA,TA,252,400,336,Y,173000
120,34,IR1,1306,1306,1306,Gd,624,GasA,Gd,135,900,406,Y,196000
60,86,Reg,1532,1475,2329,Ex,514,GasA,TA,99,1085,390,Y,262280
20,80,Reg,2524,2524,2524,Gd,542,GasA,Gd,0,1104,1420,Y,278000
20,NA,IR1,1733,0,1733,Gd,452,GasA,TA,0,0,0,Y,139600
60,85,IR1,1992,1992,2868,Gd,716,GasA,Gd,208,240,1752,Y,556581
20,57,IR2,990,990,990,NA,672,GasA,TA,0,686,304,Y,145000
20,100,Reg,1771,0,1771,TA,336,GasA,TA,75,0,0,Y,115000
20,60,Reg,930,0,930,NA,308,GasA,TA,0,0,0,Y,84900
20,73,IR1,1302,1302,1302,NA,436,GasA,Gd,0,0,1302,Y,176485
20,103,IR1,1316,1316,1316,Gd,440,GasA,Gd,0,0,1316,Y,200141
60,100,Reg,1127,816,1977,TA,540,GasA,TA,272,442,374,Y,165000
20,68,Reg,1526,1216,1526,Gd,364,GasA,TA,145,383,833,Y,144500
60,90,Reg,1091,1065,1989,Gd,586,GasA,Gd,210,932,133,Y,255000
20,104,Reg,1523,1193,1523,TA,478,GasA,TA,160,644,549,Y,180000
120,43,IR1,1364,1364,1364,Gd,484,GasA,Gd,240,659,705,Y,185850
60,NA,IR2,979,973,1850,Gd,467,GasA,Gd,0,595,378,Y,248000
60,96,IR1,1130,1104,2184,Gd,836,GasA,Ex,154,936,168,Y,335000
50,NA,IR1,1096,854,1991,Gd,432,GasA,TA,480,297,0,Y,220000
120,41,Reg,1338,1338,1338,NA,582,GasA,Gd,0,616,722,Y,213500
30,120,Reg,894,894,894,NA,1248,GasA,Fa,0,0,894,Y,81000
190,85,Reg,1422,662,2337,NA,560,GasA,TA,0,0,662,N,90000
30,50,Reg,1103,1103,1103,Gd,440,GasA,TA,0,397,706,Y,110500
20,NA,IR1,1154,1154,1154,Po,480,GasA,TA,200,740,184,Y,154000
60,80,Reg,1306,1306,2260,NA,533,GasA,Gd,0,1201,105,Y,328000
60,59,IR1,799,799,1571,TA,380,GasA,Gd,0,0,799,Y,178000
60,80,Reg,798,780,1611,NA,442,GasA,TA,360,674,0,Y,167900
160,42,Reg,1291,942,2521,Gd,576,GasA,TA,0,837,105,Y,151400
45,60,Reg,893,845,893,NA,576,GasA,TA,0,220,625,Y,135000
20,72,Reg,1048,1048,1048,NA,286,GasA,TA,120,586,462,Y,135000
60,78,Reg,829,727,1556,NA,441,GasA,TA,0,298,429,Y,154000
50,50,Reg,1002,810,1456,TA,280,GasA,TA,0,0,810,Y,91500
60,75,IR1,698,690,1426,NA,440,GasA,TA,140,535,155,Y,159500
20,74,Reg,1240,1240,1240,NA,826,GasA,Gd,0,0,1240,Y,194000
70,75,Reg,960,800,1740,Gd,240,GasA,TA,0,410,390,Y,219500
50,60,Reg,1096,796,1466,TA,566,GasA,TA,0,626,170,Y,170000
20,NA,IR1,1096,1096,1096,NA,299,GasA,TA,0,75,230,Y,138800
120,37,Reg,848,848,848,Gd,420,GasA,Gd,169,662,186,Y,155900
20,65,Reg,990,990,990,NA,299,GasA,TA,0,495,495,Y,126000
20,80,Reg,1258,1258,1258,NA,528,GasA,Gd,144,656,602,Y,145000
20,75,Reg,1040,1040,1040,NA,308,GasA,TA,0,824,216,Y,133000
20,70,Reg,1459,1459,1459,Gd,527,GasA,Gd,100,0,1459,Y,192000
20,80,Reg,1251,1251,1251,Gd,461,GasA,TA,425,553,698,Y,160000
60,NA,IR2,691,691,1498,TA,409,GasA,TA,0,592,99,Y,187500
85,73,Reg,996,936,996,NA,564,GasA,TA,0,747,189,Y,147000
160,NA,Reg,546,546,1092,NA,286,GasA,TA,0,334,212,Y,83500
60,85,Reg,1082,1082,1953,Gd,1043,GasA,Gd,0,0,1082,Y,252000
160,24,Reg,970,970,1709,NA,380,GasA,Gd,50,0,970,Y,137500
120,37,IR1,1247,1247,1247,Gd,550,GasA,Gd,0,1039,208,Y,197000
90,60,Reg,1040,0,1040,NA,400,Wall,TA,0,0,0,N,92900
160,24,Reg,624,600,1252,NA,462,GasA,Gd,212,510,90,Y,160000
50,60,Reg,1390,1181,1694,Gd,576,GasA,TA,0,423,758,Y,136500
20,71,Reg,1200,864,1200,NA,884,GasA,TA,166,661,203,Y,146000
20,74,Reg,936,936,936,NA,308,GasA,TA,0,248,448,Y,129000
20,78,IR1,1314,1314,1314,Gd,440,GasA,Gd,0,24,1290,Y,176432
70,60,Reg,773,684,1355,NA,0,GasA,TA,0,0,684,Y,127000
120,NA,Reg,1088,1074,1088,NA,461,GasA,Gd,0,0,1074,Y,170000
50,50,Reg,757,672,1324,NA,240,GasA,TA,0,672,0,Y,128000
20,82,IR1,1601,1271,1601,TA,478,GasA,TA,206,704,567,Y,157000
30,60,Reg,438,290,438,NA,246,GasA,TA,0,290,0,N,60000
20,61,IR1,950,950,950,NA,280,GasA,TA,0,412,251,Y,119500
20,70,Reg,1134,1010,1134,NA,254,GasA,TA,45,588,422,Y,135000
20,79,Reg,1194,655,1194,Fa,539,GasA,TA,0,655,0,Y,159500
160,24,Reg,630,630,1302,NA,440,GasA,TA,304,0,630,Y,106000
60,98,IR1,1500,1463,2622,TA,712,GasA,Gd,362,1032,431,Y,325000
20,114,IR1,1442,910,1442,TA,719,GasA,Gd,0,738,172,Y,179900
60,168,IR3,887,868,2021,Gd,422,GasA,Gd,0,0,868,Y,274725
60,NA,Reg,948,924,1690,TA,463,GasA,TA,0,0,924,Y,181000
20,107,IR1,1836,1836,1836,Gd,862,GasA,Gd,42,1039,797,Y,280000
60,NA,Reg,773,773,1658,TA,431,GasA,TA,0,219,554,Y,188000
60,80,Reg,1098,803,1964,Gd,483,GasA,TA,660,403,400,Y,205000
20,73,IR1,816,816,816,NA,308,GasA,TA,0,708,108,Y,129900
20,66,Reg,1008,1008,1008,NA,240,GasA,TA,0,643,365,Y,134500
20,90,Reg,833,833,833,NA,326,GasA,TA,0,415,418,Y,117000
20,93,Reg,1734,1734,1734,Gd,928,GasA,Gd,328,1004,730,Y,318000
80,NA,Reg,779,408,1419,TA,527,GasA,Gd,0,353,55,Y,184100
20,57,IR1,894,894,894,NA,450,GasA,TA,0,702,192,Y,130000
80,85,Reg,1021,533,1601,NA,300,GasA,TA,0,0,533,Y,140000
20,70,Reg,1040,1040,1040,NA,286,GasA,TA,0,369,671,Y,133700
30,59,Reg,1012,1012,1012,Gd,308,GasA,TA,0,0,1012,Y,118400
20,84,Reg,1552,1552,1552,NA,782,GasA,Gd,196,24,1528,Y,212900
20,NA,IR1,960,672,960,NA,288,GasA,TA,0,0,672,Y,112000
20,50,Reg,698,698,698,NA,0,GasA,TA,0,0,698,Y,118000
80,NA,IR1,812,384,1482,TA,392,GasA,TA,170,0,384,Y,163900
20,60,Reg,1005,1005,1005,TA,672,GasA,TA,0,0,1005,Y,115000
120,53,Reg,1555,1373,1555,TA,660,GasA,Gd,130,0,1373,Y,174000
20,182,IR3,1530,1530,1530,Gd,630,GasA,Gd,0,1300,230,Y,259000
60,59,IR1,847,847,1959,Gd,434,GasA,Gd,0,0,847,Y,215000
90,60,Reg,936,936,936,NA,672,GasA,TA,180,936,0,Y,140000
50,65,Reg,1328,1122,1981,TA,576,GasA,TA,0,622,500,Y,135000
20,63,Reg,974,974,974,NA,0,GasA,TA,0,212,762,Y,93500
70,90,Reg,1178,1008,2210,NA,205,GasW,TA,0,0,1008,Y,117500
60,80,IR1,1142,1128,2020,TA,466,GasA,Gd,0,584,544,Y,239500
60,57,IR1,916,916,1600,TA,460,GasA,TA,0,0,916,Y,169000
30,60,Reg,986,960,986,Gd,180,GasA,TA,0,0,960,N,102000
50,80,Reg,1032,1032,1252,NA,288,GasA,TA,0,280,752,Y,119000
50,54,Reg,780,780,1020,NA,0,GasA,TA,0,0,780,N,94000
20,NA,IR1,1567,1567,1567,TA,714,GasA,TA,0,1567,0,Y,196000
30,98,IR1,1167,915,1167,Gd,495,GasA,TA,0,645,270,Y,144000
20,60,Reg,952,952,952,NA,840,GasA,TA,0,852,100,Y,139000
60,NA,IR1,1088,780,1868,TA,484,GasA,TA,44,381,399,Y,197500
60,77,Reg,1466,1466,2828,TA,1052,GasA,Gd,340,1150,316,Y,424870
20,NA,Reg,1006,1006,1006,NA,0,GasA,TA,0,288,718,Y,80000
190,60,Reg,672,672,924,NA,280,Grav,TA,0,348,324,N,80000
50,52,Reg,1042,1042,1576,Gd,225,GasA,TA,0,0,1042,Y,149000
20,NA,Reg,1298,1298,1298,TA,403,GasA,Gd,85,1258,40,Y,180000
70,75,Reg,860,704,1564,Gd,234,GasA,TA,0,275,429,Y,174500
50,NA,Reg,572,572,1111,Gd,288,GasA,TA,0,0,572,Y,116900
70,50,Reg,832,650,1482,NA,324,GasA,TA,0,624,26,Y,143000
20,57,IR1,932,932,932,Gd,306,GasA,TA,0,0,932,Y,124000
20,134,Reg,1466,1466,1466,Gd,528,GasA,TA,132,176,1290,Y,149900
20,90,IR1,1811,1073,1811,Gd,470,GasA,TA,0,296,230,Y,230000
30,NA,Reg,816,816,816,NA,432,GasA,Gd,0,538,278,Y,120500
60,NA,IR1,902,864,1820,Gd,492,GasA,TA,288,454,410,Y,201800
20,90,IR1,1437,1437,1437,Fa,528,GasA,Gd,0,1157,280,Y,218000
80,85,Reg,1265,1219,1265,Gd,502,GasA,TA,0,633,586,Y,179900
120,34,IR1,1314,1314,1314,Gd,626,GasA,Gd,166,904,410,Y,230000
20,92,Reg,1580,1580,1580,NA,830,GasA,Gd,186,0,1580,Y,235128
60,76,Reg,943,901,1876,TA,540,GasA,Gd,270,442,459,Y,185000
160,24,Reg,855,855,1456,TA,440,GasA,TA,0,311,544,Y,146000
20,NA,IR1,1640,1296,1640,Gd,924,GasA,Gd,72,728,568,Y,224000
20,109,Reg,894,894,894,Po,450,GasA,TA,0,492,402,Y,129000
90,60,Reg,1258,1198,1258,NA,400,GasA,TA,0,1198,0,Y,108959
80,NA,IR1,1432,1360,1432,TA,588,GasA,TA,0,680,289,Y,194000
20,79,IR1,1502,1502,1502,NA,644,GasA,Gd,268,0,1502,Y,233170
20,64,IR1,1694,1694,1694,NA,776,GasA,Gd,72,0,1694,Y,245350
60,58,IR1,959,959,1671,TA,472,GasA,TA,0,786,173,Y,173000
70,120,Reg,1236,1127,2108,TA,540,GasA,TA,0,626,501,Y,235000
60,118,IR1,1831,1930,3627,TA,807,GasA,Gd,1378,1387,543,Y,625000
80,76,Reg,1118,1096,1118,Po,358,GasA,TA,0,522,574,Y,171000
20,76,Reg,1261,1261,1261,TA,433,GasA,TA,0,662,599,Y,163000
160,35,IR1,625,625,1250,NA,625,GasA,Gd,0,0,625,Y,171900
50,138,IR1,1636,1598,3086,Gd,0,GasA,TA,0,152,977,Y,200500
70,80,IR1,1170,952,2345,Gd,360,GasA,TA,0,503,449,Y,239000
50,85,Reg,2129,1683,2872,TA,541,GasA,Gd,337,700,983,Y,285000
20,37,IR1,923,876,923,NA,264,GasA,TA,0,658,218,Y,119500
50,NA,Reg,818,818,1224,NA,210,GasA,TA,0,468,350,Y,115000
50,54,IR1,820,731,1343,Gd,186,GasA,TA,0,0,731,Y,154900
20,77,Reg,1124,0,1124,Gd,0,GasA,TA,0,0,0,Y,93000
60,NA,IR2,1298,1216,2514,NA,693,GasA,TA,0,1216,0,Y,250000
120,64,IR1,1652,1600,1652,Gd,482,GasA,Ex,186,1480,120,Y,392500
60,160,IR1,2411,2396,4476,TA,813,GasA,Gd,0,2096,300,Y,745000
30,60,Reg,1130,1120,1130,Gd,720,GasA,TA,0,821,299,Y,120000
20,50,Reg,1572,1572,1572,TA,995,GasA,TA,226,1159,413,Y,186700
50,60,Reg,949,784,1221,NA,392,GasA,TA,0,392,392,Y,104900
190,107,IR1,1014,978,1699,NA,420,GasA,TA,0,440,538,Y,95000
20,89,Reg,1624,1624,1624,Fa,757,GasA,Gd,0,1456,168,Y,262000
60,68,IR1,831,831,1660,NA,493,GasA,Gd,95,0,831,Y,195000
60,60,Reg,1028,994,1804,TA,442,GasA,TA,0,0,994,Y,189000
190,NA,Reg,1622,1249,1622,TA,1356,GasA,TA,149,1159,90,Y,168000
160,24,Reg,764,776,1441,NA,492,GasA,Gd,456,0,776,Y,174000
50,60,Reg,842,702,1472,NA,250,GasA,TA,0,0,702,Y,125000
120,NA,Reg,1224,1224,1224,NA,402,GasA,TA,425,883,341,Y,165000
60,80,Reg,663,663,1352,NA,299,GasA,TA,143,371,292,Y,158000
60,51,IR1,728,728,1456,NA,400,GasA,TA,0,0,728,Y,176000
60,58,IR1,879,879,1863,Gd,660,GasA,Gd,0,0,879,Y,219210
75,65,IR1,815,815,1690,Gd,225,GasA,TA,0,0,815,Y,144000
20,70,Reg,1212,1212,1212,NA,573,GasA,Gd,0,0,1212,Y,178000
20,75,Reg,1382,1051,1382,Po,459,GasA,TA,51,547,504,Y,148000
20,71,Reg,864,864,864,NA,280,GasA,TA,0,0,864,Y,116050
60,80,Reg,866,866,1779,NA,546,GasA,TA,0,0,866,Y,197900
50,50,Reg,884,884,1348,Fa,216,GasA,TA,0,0,884,Y,117000
20,75,Reg,1630,1630,1630,TA,451,GasA,Gd,171,0,1630,Y,213000
20,78,Reg,1074,1056,1074,NA,495,GasA,TA,0,788,268,Y,153500
20,90,IR1,2196,2158,2196,TA,701,GasA,Gd,234,485,1496,Y,271900
20,NA,Reg,1056,1056,1056,NA,384,GasA,TA,0,1056,0,Y,107000
20,70,Reg,1700,1682,1700,NA,544,GasA,Gd,120,340,1342,Y,200000
20,70,Reg,1283,931,1283,NA,506,GasA,TA,0,504,319,Y,140000
20,85,IR1,1660,1660,1660,Gd,500,GasA,Gd,420,1220,440,Y,290000
60,70,Reg,1055,1055,1845,TA,462,GasA,Gd,0,0,1055,Y,189000
50,152,IR1,1080,559,1752,NA,492,GasA,Gd,0,427,132,Y,164000
30,50,Reg,672,672,672,NA,234,GasA,TA,0,344,328,Y,113000
80,NA,IR1,960,648,960,NA,364,GasA,TA,0,648,0,Y,145000
85,69,IR1,999,925,999,NA,300,GasA,TA,0,784,141,Y,134500
20,99,IR1,894,894,894,NA,384,GasA,TA,0,180,340,Y,125000
90,68,Reg,1318,0,1902,NA,539,GasA,TA,0,0,0,Y,112000
20,72,Reg,1314,1300,1314,NA,552,GasA,Gd,72,936,364,Y,229456
50,52,Reg,672,0,912,NA,0,GasA,TA,0,0,0,N,80500
160,21,Reg,672,672,1218,NA,0,GasA,TA,236,0,672,Y,91500
20,66,IR1,912,912,912,NA,288,GasA,TA,0,312,0,Y,115000
20,55,Reg,1211,952,1211,TA,322,GasA,TA,0,250,210,Y,134000
50,78,Reg,1168,1040,1846,Gd,315,GasA,TA,320,196,844,Y,143000
20,89,Reg,2136,2136,2136,NA,528,GasA,TA,44,756,1380,N,137900
60,60,IR1,788,788,1490,Gd,388,GasA,Gd,0,724,64,Y,184000
80,65,Reg,1138,588,1138,NA,264,GasA,TA,63,507,81,Y,145000
60,86,IR1,894,894,1933,Gd,668,GasA,Gd,74,0,894,Y,214000
20,72,Reg,912,912,912,NA,576,GasA,TA,300,595,317,Y,147000
120,65,Reg,1702,1702,1702,Gd,1052,GasA,Ex,766,1540,162,Y,367294
80,70,Reg,1507,1075,1507,NA,404,GasA,TA,0,666,409,Y,127000
90,NA,IR1,1361,1361,2620,TA,600,GasA,TA,1,498,652,Y,190000
90,70,Reg,1190,1106,1190,NA,540,GasA,TA,120,803,303,Y,132500
90,70,Reg,1224,0,1224,NA,462,GasA,TA,0,0,0,Y,101800
20,NA,IR1,1188,1188,1188,NA,531,GasA,TA,180,1000,188,Y,142000
70,55,Reg,1024,940,1964,NA,0,GasA,TA,0,0,940,N,130000
70,96,Reg,892,747,1784,NA,180,GasA,TA,0,0,747,Y,138887
160,36,Reg,764,764,1626,NA,474,GasA,Gd,106,0,764,Y,175500
60,41,IR2,847,847,1948,Gd,434,GasA,Gd,0,0,847,Y,195000
20,63,Reg,1141,1141,1141,NA,484,GasA,Gd,0,0,1141,Y,142500
20,64,IR1,1484,1476,1484,Gd,472,GasA,Gd,32,428,1048,Y,265900
60,65,Reg,884,884,1768,NA,543,GasA,Gd,252,550,334,Y,224900
20,83,Reg,1689,1689,1689,NA,954,GasA,Gd,0,0,1689,Y,248328
85,85,Reg,1173,1053,1173,TA,528,GasA,TA,81,885,0,Y,170000
20,107,Reg,2076,2076,2076,Gd,850,GasA,Ex,NA,1386,690,Y,465000
70,NA,IR1,792,792,1517,Gd,400,GasA,TA,0,0,792,Y,230000
80,78,Reg,1140,585,1868,TA,477,GasA,TA,74,0,585,Y,178000
60,65,Reg,756,756,1553,NA,615,GasA,Gd,0,0,756,Y,186500
80,NA,IR1,1034,1012,1034,NA,888,GasA,TA,335,539,473,Y,169900
75,60,Reg,1134,735,2058,Gd,396,OthW,TA,0,319,416,N,129500
20,60,Reg,988,876,988,NA,276,GasA,TA,0,534,246,Y,119000
20,93,Reg,2110,2110,2110,TA,522,GasA,Gd,0,1065,1045,Y,244000
120,NA,IR1,1405,1405,1405,Gd,478,GasA,Gd,163,0,1405,Y,171750
20,62,Reg,874,864,874,NA,288,GasA,TA,0,510,354,Y,130000
60,NA,IR1,1516,1192,2167,Gd,518,GasA,Gd,0,125,36,Y,294000
60,60,Reg,760,746,1656,Gd,397,GasA,Gd,92,0,746,Y,165400
50,52,Reg,959,884,1367,Gd,560,GasA,TA,0,425,459,Y,127500
20,91,IR1,1987,1986,1987,TA,691,GasA,Gd,554,1314,672,Y,301500
30,56,Reg,864,864,864,NA,0,GasA,TA,0,0,864,Y,99900
80,59,IR1,1166,856,1166,NA,400,GasA,Gd,182,655,201,Y,190000
20,65,Reg,1054,1054,1054,NA,460,GasA,TA,0,602,14,Y,151000
60,NA,IR3,892,841,1675,TA,502,GasA,TA,0,0,841,Y,181000
20,80,Reg,1050,1050,1050,NA,338,GasA,TA,0,504,546,Y,128900
50,NA,Reg,1104,1104,1788,TA,304,GasA,TA,0,0,1104,Y,161500
70,60,Reg,1060,764,1824,Gd,520,GasA,TA,0,0,764,Y,180500
120,34,Reg,1337,1405,1337,NA,511,GasA,Gd,0,266,1139,Y,181000
160,35,Reg,713,691,1452,NA,506,GasA,Gd,218,450,241,Y,183900
190,60,IR1,964,925,1889,Gd,308,GasA,Fa,0,0,925,N,122000
20,89,IR1,2018,2002,2018,Gd,746,GasA,Ex,0,0,2002,Y,378500
50,NA,IR1,1968,728,3447,Gd,1014,GasA,TA,632,192,536,Y,381000
50,78,Reg,874,874,1524,NA,315,GasW,TA,180,460,414,Y,144000
40,NA,Reg,1332,1332,1524,TA,586,GasA,Gd,0,1258,74,Y,260000
20,NA,IR1,1489,1489,1489,Gd,462,GasA,TA,0,0,1489,Y,185750
20,NA,IR1,935,935,935,NA,288,GasA,TA,114,560,0,Y,137000
80,124,IR1,1357,1019,1357,Gd,312,GasA,TA,84,719,300,Y,177000
50,53,Reg,661,661,1250,Gd,552,GasA,TA,0,0,661,Y,139000
90,95,Reg,928,928,1920,NA,400,GasA,TA,567,220,708,Y,137000
60,NA,IR1,735,723,1395,TA,497,GasA,TA,0,593,130,Y,162000
80,NA,IR1,1724,1680,1724,Gd,480,GasA,TA,359,528,1152,Y,197900
60,75,Reg,1128,1128,2031,Gd,577,GasA,Gd,NA,804,324,Y,237000
50,60,Reg,698,698,1128,NA,528,GasA,TA,0,0,698,Y,68400
20,67,IR1,1573,1573,1573,NA,544,GasA,Gd,110,788,785,Y,227000
20,50,IR1,1339,1309,1339,TA,484,GasA,TA,54,1053,256,Y,180000
20,61,IR1,1040,1040,1040,NA,484,GasA,TA,0,532,364,Y,150500
90,94,Reg,912,912,1824,NA,0,GasA,TA,0,0,912,Y,139000
50,50,Reg,1699,804,2447,Gd,336,GasA,TA,0,0,804,Y,169000
50,50,Reg,825,780,1412,Gd,280,GasA,TA,0,0,780,Y,132500
20,NA,Reg,1328,1328,1328,Gd,528,GasA,TA,451,569,678,Y,143000
20,NA,IR1,1582,1624,1582,NA,390,GasA,TA,621,812,812,Y,190000
120,40,IR1,1659,1501,1659,Ex,499,GasA,Gd,0,1158,343,Y,278000
60,86,IR1,1120,1085,1970,Gd,753,GasA,Gd,788,0,1085,Y,281000
80,NA,IR1,1152,1152,1152,Gd,484,GasA,TA,86,1014,138,Y,180500
160,21,Reg,630,630,1302,NA,264,GasA,TA,268,231,399,Y,119500
70,60,Reg,1378,994,2372,NA,432,GasA,TA,0,0,994,N,107500
60,78,Reg,832,832,1664,TA,528,GasA,TA,0,194,638,Y,162900
20,60,Reg,864,864,864,NA,572,GasA,TA,0,167,697,Y,115000
20,70,Reg,1052,1052,1052,NA,288,GasA,TA,168,1016,36,Y,138500
20,80,Reg,1128,1120,1128,NA,525,GasA,TA,148,776,344,Y,155000
180,35,Reg,1072,547,1072,NA,525,GasA,TA,82,547,0,Y,140000
60,313,IR3,4692,6110,5642,Gd,1418,GasA,Ex,796,5644,466,Y,160000
20,75,Reg,1246,1246,1246,NA,305,GasA,TA,0,340,0,Y,154000
60,NA,IR1,1005,978,1983,TA,490,GasA,Gd,344,694,284,Y,225000
70,NA,IR1,753,771,1494,Gd,213,GasA,TA,0,547,224,Y,177500
60,92,Reg,1203,1165,2526,TA,844,GasA,Gd,391,740,425,Y,290000
20,73,Reg,1616,1616,1616,NA,834,GasA,Gd,228,0,1616,Y,232000
160,32,Reg,976,976,1708,NA,380,GasA,Gd,117,0,976,Y,130000
20,108,IR1,1652,1652,1652,Ex,840,GasA,Gd,300,1572,80,Y,325000
120,48,IR1,1368,1368,1368,Gd,474,GasA,Gd,94,0,1368,Y,202500
20,60,Reg,990,990,990,NA,480,GasA,TA,0,746,244,Y,138000
20,100,Reg,1122,924,1122,NA,528,GasA,TA,0,144,172,Y,147000
20,NA,Reg,1294,1278,1294,NA,496,GasA,TA,88,1200,78,Y,179200
20,100,Reg,1902,1902,1902,TA,567,GasA,Gd,0,1406,496,Y,335000
20,68,Reg,1274,1274,1274,NA,508,GasA,Gd,80,925,349,Y,203000
60,NA,IR1,1453,1453,2810,Ex,750,GasA,Gd,336,482,971,Y,302000
60,108,IR1,1422,1393,2599,TA,779,GasA,Gd,165,0,1393,Y,333168
20,60,Reg,948,948,948,TA,280,GasA,TA,0,732,216,Y,119000
60,85,Reg,1092,952,2112,Gd,576,GasA,TA,0,500,176,Y,206900
20,61,IR1,1630,1622,1630,Gd,860,GasA,Gd,270,0,1622,Y,295493
120,47,Reg,1352,1352,1352,Gd,466,GasA,Gd,0,0,1352,Y,208900
20,NA,IR2,1787,1753,1787,TA,748,GasA,Gd,178,0,1753,Y,275000
20,75,Reg,948,864,948,NA,248,GasA,TA,132,492,372,Y,111000
20,70,Reg,1478,1478,1478,Gd,442,GasA,TA,0,189,628,Y,156500
20,NA,IR1,720,0,720,NA,287,Floor,TA,0,0,0,N,72500
60,107,IR1,1061,750,1923,TA,564,GasA,Gd,0,674,76,Y,190000
30,50,Reg,708,420,708,NA,0,GasA,Fa,0,280,140,Y,82500
20,75,Reg,1795,1795,1795,Gd,895,GasA,Gd,428,0,1795,Y,147000
30,40,Reg,796,796,796,NA,0,GasA,TA,0,0,796,N,55000
30,70,Reg,774,544,774,NA,0,GasA,TA,0,544,0,Y,79000
20,60,Reg,816,816,816,Ex,264,GasA,Gd,0,641,175,Y,130500
50,60,Reg,1584,1510,2792,TA,520,GasW,Gd,0,493,1017,Y,256000
60,63,IR1,955,935,1632,TA,462,GasA,TA,0,0,935,Y,176500
20,85,Reg,1588,1588,1588,Gd,825,GasA,Gd,410,0,1588,Y,227000
80,55,IR1,954,911,954,NA,576,GasA,TA,0,483,428,Y,132500
20,67,Reg,816,816,816,Gd,288,GasA,TA,0,690,126,Y,100000
50,60,Reg,803,803,1360,NA,297,GasA,TA,0,0,803,Y,125500
160,24,Reg,765,765,1365,NA,440,GasA,TA,312,765,0,Y,125000
20,80,Reg,1334,1350,1334,TA,630,GasA,TA,360,686,664,Y,167900
90,87,IR1,1656,1656,1656,NA,506,GasA,TA,564,0,1656,Y,135000
30,153,IR1,693,693,693,NA,0,Grav,TA,0,0,693,N,52500
60,95,IR1,920,916,1861,NA,492,GasA,Gd,0,700,216,Y,200000
20,120,IR1,864,864,864,NA,288,GasA,TA,0,360,504,Y,128500
20,70,Reg,872,858,872,NA,480,GasA,TA,0,0,858,Y,123000
20,66,Reg,1114,1114,1114,NA,576,GasA,TA,0,814,300,Y,155000
60,NA,Reg,1284,1284,2169,Gd,647,GasA,Gd,149,0,1284,Y,228500
50,57,Reg,1172,896,1913,TA,342,GasA,TA,0,0,896,Y,177000
60,85,IR1,728,728,1456,TA,440,GasA,Gd,0,0,728,Y,155835
30,50,Reg,960,960,960,NA,308,GasA,TA,0,250,710,Y,108500
20,NA,IR2,2156,1568,2156,Gd,508,GasA,TA,0,297,1203,Y,262500
20,93,IR1,1776,1732,1776,Gd,712,GasA,Gd,100,80,1652,Y,283463
20,NA,IR3,1494,1482,1494,Fa,514,GasA,Gd,0,1443,39,Y,215000
70,50,Reg,938,684,2358,NA,0,OthW,TA,0,259,425,N,122000
90,91,Reg,1338,1248,2634,NA,968,GasA,TA,368,500,748,Y,200000
60,70,IR1,858,858,1716,Gd,490,GasA,TA,318,319,539,Y,171000
50,50,Reg,786,698,1176,NA,624,GasA,Gd,0,0,698,Y,134900
50,56,IR1,2053,2033,3238,Ex,666,GasA,Gd,579,816,1217,Y,410000
60,NA,IR1,992,992,1865,TA,839,GasA,Gd,0,735,257,Y,235000
80,102,IR1,1222,570,1920,TA,487,GasA,TA,143,0,570,Y,170000
20,NA,Reg,892,864,892,NA,264,GasA,TA,65,340,524,Y,110000
20,NA,IR1,1078,1078,1078,Fa,500,GasA,TA,0,734,344,Y,149900
160,NA,Reg,769,756,1573,NA,440,GasA,Gd,216,378,378,Y,177500
20,129,Reg,1980,1980,1980,Gd,770,GasA,Gd,66,1447,533,Y,315000
70,51,Reg,990,612,2601,NA,621,GasA,TA,0,0,612,Y,189000
20,124,IR1,1530,1530,1530,Gd,430,GasA,Gd,16,1274,256,Y,260000
50,NA,IR1,1281,715,1738,Gd,368,GasA,TA,0,0,715,Y,104900
60,73,IR1,616,616,1412,Gd,432,GasA,TA,0,0,616,Y,156932
160,30,Reg,520,600,1200,NA,480,GasA,Gd,0,0,600,Y,144152
60,NA,Reg,814,814,1674,NA,663,GasA,Gd,0,533,281,Y,216000
60,68,IR1,882,873,1790,NA,588,GasA,Gd,158,633,240,Y,193000
160,41,Reg,925,757,1475,TA,336,GasA,TA,0,548,36,Y,127000
120,NA,Reg,848,848,848,NA,420,GasA,Gd,170,685,163,Y,144000
20,48,IR2,1668,1657,1668,TA,502,GasA,Gd,171,370,315,Y,232000
50,90,Reg,840,840,1374,NA,338,GasA,Fa,0,315,420,Y,105000
80,80,Reg,1661,992,1661,TA,377,GasA,TA,0,831,161,Y,165500
60,75,Reg,1108,1108,2097,TA,583,GasA,TA,0,975,133,Y,274300
20,NA,Reg,2633,2633,2633,Gd,804,GasA,Ex,705,1282,1351,Y,466500
60,85,Reg,1026,1026,1958,Gd,936,GasA,Gd,0,0,1026,Y,250000
20,89,IR1,1571,1571,1571,Gd,722,GasA,Gd,80,0,1571,Y,239000
30,52,Reg,790,768,790,NA,160,GasA,TA,0,384,384,N,91000
50,60,Reg,984,984,1604,NA,660,GasA,TA,0,408,156,Y,117000
160,21,Reg,483,483,987,NA,264,GasA,TA,408,309,174,Y,83000
80,73,Reg,754,384,1394,NA,400,GasA,TA,0,0,384,Y,167500
30,45,Reg,864,864,864,NA,200,GasA,TA,0,203,661,N,58500
20,NA,IR1,2117,1205,2117,Gd,550,GasA,TA,0,865,340,Y,237500
70,60,Reg,998,596,1762,NA,576,GasA,TA,0,0,596,Y,157000
30,NA,Reg,1416,816,1416,NA,576,GasA,TA,0,0,816,Y,112000
50,60,Reg,698,560,1258,NA,280,GasA,TA,0,204,356,Y,105000
50,40,Reg,796,796,1154,NA,240,GasA,TA,0,735,61,Y,125500
60,80,IR1,1392,1392,2784,TA,564,GasA,TA,184,790,133,Y,250000
50,60,Reg,1664,714,2526,Gd,216,GasW,TA,0,168,0,N,136000
20,42,IR1,1746,1746,1746,Gd,758,GasA,Ex,160,1320,426,Y,377500
50,60,Reg,869,735,1218,Gd,440,GasA,TA,0,375,360,Y,131000
20,70,Reg,1525,1525,1525,NA,541,GasA,Gd,244,1400,125,Y,235000
90,65,Reg,1584,1584,1584,NA,792,GasA,TA,0,0,1584,Y,124000
85,68,Reg,900,864,900,Po,288,GasA,TA,0,769,95,Y,123000
190,60,Reg,1221,482,1912,TA,672,GasA,TA,0,0,482,N,163000
120,53,Reg,1500,1356,1500,Gd,648,GasA,Gd,45,1070,286,Y,246578
60,88,IR1,1133,1094,2482,Gd,642,GasA,Gd,245,0,1094,Y,281213
20,NA,IR1,1687,747,1687,TA,572,GasA,TA,0,353,60,Y,160000
70,51,Reg,939,939,1513,NA,180,GasA,TA,0,0,939,Y,137500
50,60,Reg,1136,1208,1904,NA,240,GasA,TA,0,180,676,Y,138000
50,51,Reg,1160,976,1608,Gd,216,GasA,TA,0,264,712,Y,137450
50,50,Reg,950,862,1158,Gd,208,GasA,TA,0,0,862,Y,120000
60,62,IR1,864,839,1593,TA,398,GasA,TA,0,759,80,Y,193000
20,64,Reg,1294,1286,1294,Gd,662,GasA,Gd,0,0,1286,Y,193879
20,49,IR1,1464,1485,1464,NA,754,GasA,Gd,84,929,556,Y,282922
50,60,Reg,694,672,1214,NA,936,GasA,TA,0,0,672,Y,105000
120,44,IR1,1646,1594,1646,Gd,482,GasA,Gd,174,1373,221,Y,275000
85,70,Reg,768,768,768,NA,396,GasA,TA,0,656,112,Y,133000
20,NA,IR1,833,833,833,NA,0,GasA,TA,0,625,208,Y,112000
70,60,Reg,741,622,1363,NA,528,GasA,TA,0,0,622,Y,125500
60,46,IR1,1236,791,2093,TA,542,GasA,TA,123,0,791,Y,215000
60,79,Reg,944,944,1840,NA,622,GasA,Gd,0,666,278,Y,230000
50,80,Reg,1112,856,1668,NA,271,GasA,TA,0,120,736,Y,140000
90,60,Reg,1040,0,1040,NA,420,Wall,TA,0,0,0,N,90000
20,88,IR1,1844,1844,1844,Gd,620,GasA,Gd,366,976,868,Y,257000
50,64,Reg,1053,833,1848,Gd,370,GasA,TA,0,0,833,Y,207000
120,51,Reg,1569,1386,1569,TA,660,GasA,Gd,130,988,398,Y,175900
190,60,Reg,1246,777,2290,NA,560,GasA,TA,0,0,777,Y,122500
60,NA,IR1,1310,1284,2450,TA,1069,GasA,Gd,731,781,503,Y,340000
20,71,Reg,1144,1144,1144,NA,336,GasA,TA,0,25,247,Y,124000
20,NA,IR1,1844,1844,1844,TA,540,GasA,Gd,312,1110,734,Y,223000
60,90,Reg,708,708,1416,TA,776,GasA,TA,420,404,304,Y,179900
120,53,Reg,1069,1069,1069,Fa,440,GasA,TA,0,360,709,Y,127500
120,37,Reg,848,848,848,NA,420,GasA,Gd,170,686,162,Y,136500
80,NA,IR1,1575,697,2201,Gd,432,GasA,Gd,0,0,697,Y,274970
20,NA,Reg,1344,1024,1344,TA,484,GasA,TA,0,457,193,Y,144000
20,80,IR1,1252,1252,1252,NA,528,GasA,Gd,243,0,1252,Y,142000
60,81,IR1,1223,1223,2127,TA,525,GasA,Gd,448,1000,223,Y,271000
50,60,Reg,1048,913,1558,TA,288,GasA,TA,0,580,333,Y,140000
30,60,Reg,804,788,804,Gd,240,GasA,TA,294,510,278,Y,119000
20,NA,IR1,1440,1440,1440,TA,467,GasA,Gd,310,678,762,Y,182900
60,60,IR3,734,732,1838,Gd,372,GasA,Gd,0,0,732,Y,192140
120,NA,IR1,958,958,958,NA,440,GasA,TA,0,958,0,Y,143750
30,60,Reg,968,656,968,NA,216,GasA,TA,0,0,656,Y,64500
60,93,IR1,962,936,1792,TA,451,GasA,TA,318,0,936,Y,186500
20,80,Reg,1126,1126,1126,Gd,484,GasA,TA,0,936,190,Y,160000
20,80,Reg,1537,1319,1537,Gd,462,GasA,Gd,237,0,1319,Y,174000
20,60,Reg,864,864,864,NA,528,GasA,TA,0,616,248,Y,120500
20,96,Reg,1932,1932,1932,Gd,774,GasA,Ex,426,1336,596,Y,394617
20,90,Reg,1236,912,1236,NA,923,GasA,TA,0,600,312,Y,149700
60,80,Reg,1040,539,1725,TA,550,GasA,TA,96,315,114,Y,197000
70,79,IR1,1423,588,2555,Gd,672,GasA,TA,0,0,588,Y,191000
120,NA,Reg,848,848,848,TA,420,GasA,Gd,147,697,151,Y,149300
60,85,Reg,1026,1017,2007,Ex,812,GasA,Ex,160,765,252,Y,310000
30,NA,Reg,952,952,952,Gd,192,Grav,TA,0,0,952,N,121000
20,63,Reg,1422,1422,1422,NA,626,GasA,Gd,106,0,1422,Y,179600
85,70,Reg,913,814,913,NA,240,GasA,TA,0,187,0,Y,129000
20,NA,IR1,1188,1188,1188,NA,312,GasA,TA,189,593,595,Y,157900
60,80,Reg,1220,1220,2090,TA,556,GasA,Gd,438,1079,141,Y,240000
50,70,Reg,796,560,1346,NA,384,GasA,TA,0,0,560,N,112000
180,21,Reg,630,630,630,NA,0,GasA,TA,0,553,77,Y,92000
90,60,Reg,896,896,1792,NA,0,GasA,TA,0,0,896,Y,136000
20,78,Reg,1578,1573,1578,Gd,840,GasA,Gd,194,0,1573,Y,287090
180,35,Reg,1072,547,1072,NA,525,GasA,TA,80,547,0,Y,145000
20,90,Reg,1140,1140,1140,NA,0,GasA,TA,0,0,1140,Y,84500
20,62,Reg,1221,1221,1221,NA,400,GasA,Gd,0,410,811,Y,185000
60,62,Reg,953,953,1647,TA,460,GasA,TA,0,0,953,Y,175000
20,85,Reg,2073,1542,2073,TA,500,GasA,TA,119,790,589,Y,210000
70,66,Reg,1188,1152,2340,Gd,252,GasA,Ex,0,275,877,Y,266500
20,68,Reg,1078,1078,1078,NA,240,GasA,TA,0,49,0,Y,142125
20,75,Reg,1256,1256,1256,NA,276,GasA,Gd,0,830,136,Y,147500
