timestamp,id_producto,produccion
2015-01-01,605836c043ec8e96037561ee446c3757,2766.19258408954
2015-02-01,605836c043ec8e96037561ee446c3757,2767.12146019023
2015-03-01,605836c043ec8e96037561ee446c3757,2767.47921666466
2015-04-01,605836c043ec8e96037561ee446c3757,2767.20209698208
2015-05-01,605836c043ec8e96037561ee446c3757,2769.60722686194
2015-06-01,605836c043ec8e96037561ee446c3757,2770.66686042655
2015-07-01,605836c043ec8e96037561ee446c3757,2769.76413681773
2015-08-01,605836c043ec8e96037561ee446c3757,2768.30458727544
2015-09-01,605836c043ec8e96037561ee446c3757,2767.01439771296
2015-10-01,605836c043ec8e96037561ee446c3757,2768.8688570151
2015-11-01,605836c043ec8e96037561ee446c3757,2768.75175870447
2015-12-01,605836c043ec8e96037561ee446c3757,2768.08721164472
2016-01-01,605836c043ec8e96037561ee446c3757,2767.25740130971
2016-02-01,605836c043ec8e96037561ee446c3757,2766.88760708058
2016-03-01,605836c043ec8e96037561ee446c3757,2769.05319176541
2016-04-01,605836c043ec8e96037561ee446c3757,2768.73638940189
2016-05-01,605836c043ec8e96037561ee446c3757,2767.70793993347
2016-06-01,605836c043ec8e96037561ee446c3757,2767.5050184884
2016-07-01,605836c043ec8e96037561ee446c3757,2766.66916953032
2016-08-01,605836c043ec8e96037561ee446c3757,2768.33053218433
2016-09-01,605836c043ec8e96037561ee446c3757,2769.62041048262
2016-10-01,605836c043ec8e96037561ee446c3757,2767.70460021017
2016-11-01,605836c043ec8e96037561ee446c3757,2766.64213525521
2016-12-01,605836c043ec8e96037561ee446c3757,2768.30650931952
2017-01-01,605836c043ec8e96037561ee446c3757,2768.850059532
2017-02-01,605836c043ec8e96037561ee446c3757,2768.97263980986
2017-03-01,605836c043ec8e96037561ee446c3757,2770.20389406103
2017-04-01,605836c043ec8e96037561ee446c3757,2769.14982743258
2017-05-01,605836c043ec8e96037561ee446c3757,2768.80833545779
2017-06-01,605836c043ec8e96037561ee446c3757,2767.78001282306
2017-07-01,605836c043ec8e96037561ee446c3757,2769.13023215507
2017-08-01,605836c043ec8e96037561ee446c3757,2770.79808786739
2017-09-01,605836c043ec8e96037561ee446c3757,2768.58319917592
2017-10-01,605836c043ec8e96037561ee446c3757,2766.28707568138
2017-11-01,605836c043ec8e96037561ee446c3757,2767.42110524755
2017-12-01,605836c043ec8e96037561ee446c3757,2770.10037728642
2018-01-01,605836c043ec8e96037561ee446c3757,2770.42869075202
2018-02-01,605836c043ec8e96037561ee446c3757,2769.21060097382
2018-03-01,605836c043ec8e96037561ee446c3757,2768.28466474132
2018-04-01,605836c043ec8e96037561ee446c3757,2768.67899384965
2018-05-01,605836c043ec8e96037561ee446c3757,2768.98379158688
2018-06-01,605836c043ec8e96037561ee446c3757,2767.14396915914
2018-07-01,605836c043ec8e96037561ee446c3757,2767.72397169349
2018-08-01,605836c043ec8e96037561ee446c3757,2768.96542234053
2018-09-01,605836c043ec8e96037561ee446c3757,2769.42191475849
2018-10-01,605836c043ec8e96037561ee446c3757,2770.50730356074
2018-11-01,605836c043ec8e96037561ee446c3757,2769.38670429112
2018-12-01,605836c043ec8e96037561ee446c3757,2769.87749523935
2019-01-01,605836c043ec8e96037561ee446c3757,2769.54418845744
2019-02-01,605836c043ec8e96037561ee446c3757,2769.30066401403
2019-03-01,605836c043ec8e96037561ee446c3757,2769.39691227378
2019-04-01,605836c043ec8e96037561ee446c3757,2766.85221530444
2019-05-01,605836c043ec8e96037561ee446c3757,2767.86331924743
2019-06-01,605836c043ec8e96037561ee446c3757,2769.0173576762
2019-07-01,605836c043ec8e96037561ee446c3757,2768.36413800296
2019-08-01,605836c043ec8e96037561ee446c3757,2769.0783047299
2019-09-01,605836c043ec8e96037561ee446c3757,2769.23808068966
2019-10-01,605836c043ec8e96037561ee446c3757,2768.4797174991
2019-11-01,605836c043ec8e96037561ee446c3757,2769.31739764181
2019-12-01,605836c043ec8e96037561ee446c3757,2769.27515523181
2020-01-01,605836c043ec8e96037561ee446c3757,2769.61107850456
2020-02-01,605836c043ec8e96037561ee446c3757,2768.28101449556
2020-03-01,605836c043ec8e96037561ee446c3757,2766.67414732237
2020-04-01,605836c043ec8e96037561ee446c3757,2767.67322051093
2020-05-01,605836c043ec8e96037561ee446c3757,2768.24040440047
2020-06-01,605836c043ec8e96037561ee446c3757,2769.87377712243
2020-07-01,605836c043ec8e96037561ee446c3757,2770.52135586542
2020-08-01,605836c043ec8e96037561ee446c3757,2770.50901914952
2020-09-01,605836c043ec8e96037561ee446c3757,2770.4643986006
2020-10-01,605836c043ec8e96037561ee446c3757,2769.8273582839
2020-11-01,605836c043ec8e96037561ee446c3757,2770.32853364342
2020-12-01,605836c043ec8e96037561ee446c3757,2772.40691036893
2021-01-01,605836c043ec8e96037561ee446c3757,2772.04179444281
2021-02-01,605836c043ec8e96037561ee446c3757,2767.62912261901
2021-03-01,605836c043ec8e96037561ee446c3757,2765.59185559557
2021-04-01,605836c043ec8e96037561ee446c3757,2767.66187010494
2021-05-01,605836c043ec8e96037561ee446c3757,2771.38410445078
2021-06-01,605836c043ec8e96037561ee446c3757,2770.66022330694
2021-07-01,605836c043ec8e96037561ee446c3757,2768.06747733528
2021-08-01,605836c043ec8e96037561ee446c3757,2769.37062252844
2021-09-01,605836c043ec8e96037561ee446c3757,2770.35437305472
2021-10-01,605836c043ec8e96037561ee446c3757,2771.78682587357
2021-11-01,605836c043ec8e96037561ee446c3757,2771.67843764697
2021-12-01,605836c043ec8e96037561ee446c3757,2768.65903585387
2015-01-01,f01fe8a1197c7482caead6848bd43813,1001.5472901327
2015-02-01,f01fe8a1197c7482caead6848bd43813,1003.25662495118
2015-03-01,f01fe8a1197c7482caead6848bd43813,1003.44003953953
2015-04-01,f01fe8a1197c7482caead6848bd43813,1002.22466901156
2015-05-01,f01fe8a1197c7482caead6848bd43813,1001.28882503898
2015-06-01,f01fe8a1197c7482caead6848bd43813,1001.79244683453
2015-07-01,f01fe8a1197c7482caead6848bd43813,1003.96826363665
2015-08-01,f01fe8a1197c7482caead6848bd43813,1001.3437360343
2015-09-01,f01fe8a1197c7482caead6848bd43813,1001.36219550155
2015-10-01,f01fe8a1197c7482caead6848bd43813,1003.48230391574
2015-11-01,f01fe8a1197c7482caead6848bd43813,1001.11147014497
2015-12-01,f01fe8a1197c7482caead6848bd43813,1001.79306238251
2016-01-01,f01fe8a1197c7482caead6848bd43813,1002.12745682074
2016-02-01,f01fe8a1197c7482caead6848bd43813,1002.17650279398
2016-03-01,f01fe8a1197c7482caead6848bd43813,1002.35344128737
2016-04-01,f01fe8a1197c7482caead6848bd43813,1002.90510829831
2016-05-01,f01fe8a1197c7482caead6848bd43813,1001.73351476666
2016-06-01,f01fe8a1197c7482caead6848bd43813,1002.43471231534
2016-07-01,f01fe8a1197c7482caead6848bd43813,1003.10661989377
2016-08-01,f01fe8a1197c7482caead6848bd43813,1003.55138466532
2016-09-01,f01fe8a1197c7482caead6848bd43813,1003.05663123796
2016-10-01,f01fe8a1197c7482caead6848bd43813,1001.52123466367
2016-11-01,f01fe8a1197c7482caead6848bd43813,1001.41745918957
2016-12-01,f01fe8a1197c7482caead6848bd43813,1001.67778252659
2017-01-01,f01fe8a1197c7482caead6848bd43813,1003.45731102295
2017-02-01,f01fe8a1197c7482caead6848bd43813,1002.21315094379
2017-03-01,f01fe8a1197c7482caead6848bd43813,1001.28836093918
2017-04-01,f01fe8a1197c7482caead6848bd43813,1001.61249735198
2017-05-01,f01fe8a1197c7482caead6848bd43813,1002.45894596217
2017-06-01,f01fe8a1197c7482caead6848bd43813,1002.44594042762
2017-07-01,f01fe8a1197c7482caead6848bd43813,1003.51901265542
2017-08-01,f01fe8a1197c7482caead6848bd43813,1004.09857138925
2017-09-01,f01fe8a1197c7482caead6848bd43813,1003.13706744539
2017-10-01,f01fe8a1197c7482caead6848bd43813,1001.39112392537
2017-11-01,f01fe8a1197c7482caead6848bd43813,1001.62713803055
2017-12-01,f01fe8a1197c7482caead6848bd43813,1002.14564579479
2018-01-01,f01fe8a1197c7482caead6848bd43813,1003.50642981161
2018-02-01,f01fe8a1197c7482caead6848bd43813,1003.47553388413
2018-03-01,f01fe8a1197c7482caead6848bd43813,1002.58354744858
2018-04-01,f01fe8a1197c7482caead6848bd43813,1001.62912357618
2018-05-01,f01fe8a1197c7482caead6848bd43813,1002.33560017192
2018-06-01,f01fe8a1197c7482caead6848bd43813,1003.22224043679
2018-07-01,f01fe8a1197c7482caead6848bd43813,1000.85144065172
2018-08-01,f01fe8a1197c7482caead6848bd43813,1001.3102539606
2018-09-01,f01fe8a1197c7482caead6848bd43813,1002.54528975885
2018-10-01,f01fe8a1197c7482caead6848bd43813,1002.67089083872
2018-11-01,f01fe8a1197c7482caead6848bd43813,1003.77649618789
2018-12-01,f01fe8a1197c7482caead6848bd43813,1003.06427338091
2019-01-01,f01fe8a1197c7482caead6848bd43813,1001.95863131688
2019-02-01,f01fe8a1197c7482caead6848bd43813,1002.13897082769
2019-03-01,f01fe8a1197c7482caead6848bd43813,1001.54864182134
2019-04-01,f01fe8a1197c7482caead6848bd43813,1002.28339807021
2019-05-01,f01fe8a1197c7482caead6848bd43813,1003.31594580755
2019-06-01,f01fe8a1197c7482caead6848bd43813,1002.41371584965
2019-07-01,f01fe8a1197c7482caead6848bd43813,1001.70427070274
2019-08-01,f01fe8a1197c7482caead6848bd43813,1003.54207727062
2019-09-01,f01fe8a1197c7482caead6848bd43813,1002.70413883137
2019-10-01,f01fe8a1197c7482caead6848bd43813,1002.05984005971
2019-11-01,f01fe8a1197c7482caead6848bd43813,1000.29322678999
2019-12-01,f01fe8a1197c7482caead6848bd43813,1001.85395424348
2020-01-01,f01fe8a1197c7482caead6848bd43813,1002.5896584599
2020-02-01,f01fe8a1197c7482caead6848bd43813,1001.13689398852
2020-03-01,f01fe8a1197c7482caead6848bd43813,1001.8945984725
2020-04-01,f01fe8a1197c7482caead6848bd43813,999.004775528444
2020-05-01,f01fe8a1197c7482caead6848bd43813,1000.78331839459
2020-06-01,f01fe8a1197c7482caead6848bd43813,1000.97465289683
2020-07-01,f01fe8a1197c7482caead6848bd43813,1001.92687638387
2020-08-01,f01fe8a1197c7482caead6848bd43813,1000.50454802162
2020-09-01,f01fe8a1197c7482caead6848bd43813,1002.25436344207
2020-10-01,f01fe8a1197c7482caead6848bd43813,1000.32958578291
2020-11-01,f01fe8a1197c7482caead6848bd43813,1001.15546743827
2020-12-01,f01fe8a1197c7482caead6848bd43813,1001.36728618533
2021-01-01,f01fe8a1197c7482caead6848bd43813,1001.05973697959
2021-02-01,f01fe8a1197c7482caead6848bd43813,1002.73954270058
2021-03-01,f01fe8a1197c7482caead6848bd43813,1002.04158064879
2021-04-01,f01fe8a1197c7482caead6848bd43813,1004.15817894967
2021-05-01,f01fe8a1197c7482caead6848bd43813,1002.50831906059
2021-06-01,f01fe8a1197c7482caead6848bd43813,999.716422444133
2021-07-01,f01fe8a1197c7482caead6848bd43813,999.330072704124
2021-08-01,f01fe8a1197c7482caead6848bd43813,1000.35900937086
2021-09-01,f01fe8a1197c7482caead6848bd43813,1000.85219619586
2021-10-01,f01fe8a1197c7482caead6848bd43813,1002.28221524869
2021-11-01,f01fe8a1197c7482caead6848bd43813,1002.27828766878
2021-12-01,f01fe8a1197c7482caead6848bd43813,1000.71281352016
2015-01-01,9a2a751cb5e2d0e285bff2e499e10641,1924.71285533827
2015-02-01,9a2a751cb5e2d0e285bff2e499e10641,1924.63733957163
2015-03-01,9a2a751cb5e2d0e285bff2e499e10641,1921.93047438552
2015-04-01,9a2a751cb5e2d0e285bff2e499e10641,1922.4361884753
2015-05-01,9a2a751cb5e2d0e285bff2e499e10641,1922.92148667913
2015-06-01,9a2a751cb5e2d0e285bff2e499e10641,1923.14487627666
2015-07-01,9a2a751cb5e2d0e285bff2e499e10641,1922.34212387761
2015-08-01,9a2a751cb5e2d0e285bff2e499e10641,1921.95539736865
2015-09-01,9a2a751cb5e2d0e285bff2e499e10641,1921.0445308306
2015-10-01,9a2a751cb5e2d0e285bff2e499e10641,1920.88917704844
2015-11-01,9a2a751cb5e2d0e285bff2e499e10641,1920.71232031323
2015-12-01,9a2a751cb5e2d0e285bff2e499e10641,1920.03134921971
2016-01-01,9a2a751cb5e2d0e285bff2e499e10641,1919.84815961248
2016-02-01,9a2a751cb5e2d0e285bff2e499e10641,1921.54355699531
2016-03-01,9a2a751cb5e2d0e285bff2e499e10641,1921.77361278202
2016-04-01,9a2a751cb5e2d0e285bff2e499e10641,1922.04480510732
2016-05-01,9a2a751cb5e2d0e285bff2e499e10641,1919.90120422459
2016-06-01,9a2a751cb5e2d0e285bff2e499e10641,1921.48035522575
2016-07-01,9a2a751cb5e2d0e285bff2e499e10641,1921.21098658953
2016-08-01,9a2a751cb5e2d0e285bff2e499e10641,1922.99927883719
2016-09-01,9a2a751cb5e2d0e285bff2e499e10641,1921.40662208672
2016-10-01,9a2a751cb5e2d0e285bff2e499e10641,1920.66780986887
2016-11-01,9a2a751cb5e2d0e285bff2e499e10641,1921.84081676724
2016-12-01,9a2a751cb5e2d0e285bff2e499e10641,1922.43006149007
2017-01-01,9a2a751cb5e2d0e285bff2e499e10641,1922.55825811688
2017-02-01,9a2a751cb5e2d0e285bff2e499e10641,1921.98340102466
2017-03-01,9a2a751cb5e2d0e285bff2e499e10641,1920.05063745763
2017-04-01,9a2a751cb5e2d0e285bff2e499e10641,1920.76154494289
2017-05-01,9a2a751cb5e2d0e285bff2e499e10641,1922.2640975382
2017-06-01,9a2a751cb5e2d0e285bff2e499e10641,1920.39306518706
2017-07-01,9a2a751cb5e2d0e285bff2e499e10641,1922.62991294498
2017-08-01,9a2a751cb5e2d0e285bff2e499e10641,1923.01924886188
2017-09-01,9a2a751cb5e2d0e285bff2e499e10641,1921.35409286321
2017-10-01,9a2a751cb5e2d0e285bff2e499e10641,1920.95382257024
2017-11-01,9a2a751cb5e2d0e285bff2e499e10641,1920.15372473239
2017-12-01,9a2a751cb5e2d0e285bff2e499e10641,1921.39995094086
2018-01-01,9a2a751cb5e2d0e285bff2e499e10641,1921.8317729281
2018-02-01,9a2a751cb5e2d0e285bff2e499e10641,1922.93137254169
2018-03-01,9a2a751cb5e2d0e285bff2e499e10641,1920.49475069372
2018-04-01,9a2a751cb5e2d0e285bff2e499e10641,1918.94459771405
2018-05-01,9a2a751cb5e2d0e285bff2e499e10641,1919.91598806994
2018-06-01,9a2a751cb5e2d0e285bff2e499e10641,1921.72676022959
2018-07-01,9a2a751cb5e2d0e285bff2e499e10641,1921.32575952577
2018-08-01,9a2a751cb5e2d0e285bff2e499e10641,1922.12113766232
2018-09-01,9a2a751cb5e2d0e285bff2e499e10641,1921.86352379107
2018-10-01,9a2a751cb5e2d0e285bff2e499e10641,1922.53282315449
2018-11-01,9a2a751cb5e2d0e285bff2e499e10641,1922.63251918373
2018-12-01,9a2a751cb5e2d0e285bff2e499e10641,1920.80075619201
2019-01-01,9a2a751cb5e2d0e285bff2e499e10641,1921.49957339168
2019-02-01,9a2a751cb5e2d0e285bff2e499e10641,1919.70335942339
2019-03-01,9a2a751cb5e2d0e285bff2e499e10641,1920.73770236009
2019-04-01,9a2a751cb5e2d0e285bff2e499e10641,1921.20256607065
2019-05-01,9a2a751cb5e2d0e285bff2e499e10641,1920.76390367726
2019-06-01,9a2a751cb5e2d0e285bff2e499e10641,1921.15039527486
2019-07-01,9a2a751cb5e2d0e285bff2e499e10641,1920.56005721141
2019-08-01,9a2a751cb5e2d0e285bff2e499e10641,1920.16505724555
2019-09-01,9a2a751cb5e2d0e285bff2e499e10641,1920.02963013847
2019-10-01,9a2a751cb5e2d0e285bff2e499e10641,1920.2634443752
2019-11-01,9a2a751cb5e2d0e285bff2e499e10641,1919.84994822422
2019-12-01,9a2a751cb5e2d0e285bff2e499e10641,1920.12472187047
2020-01-01,9a2a751cb5e2d0e285bff2e499e10641,1921.32010173671
2020-02-01,9a2a751cb5e2d0e285bff2e499e10641,1919.7814546807
2020-03-01,9a2a751cb5e2d0e285bff2e499e10641,1919.0131846019
2020-04-01,9a2a751cb5e2d0e285bff2e499e10641,1917.45120847884
2020-05-01,9a2a751cb5e2d0e285bff2e499e10641,1917.38417670488
2020-06-01,9a2a751cb5e2d0e285bff2e499e10641,1919.24066531837
2020-07-01,9a2a751cb5e2d0e285bff2e499e10641,1919.6849895706
2020-08-01,9a2a751cb5e2d0e285bff2e499e10641,1919.86527843519
2020-09-01,9a2a751cb5e2d0e285bff2e499e10641,1919.80500924203
2020-10-01,9a2a751cb5e2d0e285bff2e499e10641,1919.74474199955
2020-11-01,9a2a751cb5e2d0e285bff2e499e10641,1917.70656725245
2020-12-01,9a2a751cb5e2d0e285bff2e499e10641,1917.02178039213
2021-01-01,9a2a751cb5e2d0e285bff2e499e10641,1919.00376505833
2021-02-01,9a2a751cb5e2d0e285bff2e499e10641,1920.92215812625
2021-03-01,9a2a751cb5e2d0e285bff2e499e10641,1917.92746136351
2021-04-01,9a2a751cb5e2d0e285bff2e499e10641,1917.08183908138
2021-05-01,9a2a751cb5e2d0e285bff2e499e10641,1919.91181159533
2021-06-01,9a2a751cb5e2d0e285bff2e499e10641,1919.70772992907
2021-07-01,9a2a751cb5e2d0e285bff2e499e10641,1920.83314722965
2021-08-01,9a2a751cb5e2d0e285bff2e499e10641,1918.67924304066
2021-09-01,9a2a751cb5e2d0e285bff2e499e10641,1917.55756197448
2021-10-01,9a2a751cb5e2d0e285bff2e499e10641,1918.68153500798
2021-11-01,9a2a751cb5e2d0e285bff2e499e10641,1917.93504772042
2021-12-01,9a2a751cb5e2d0e285bff2e499e10641,1918.58479512814
2015-01-01,52039bf570c9d19ade3883ca9aa78644,1527.91242252422
2015-02-01,52039bf570c9d19ade3883ca9aa78644,1528.4232417902
2015-03-01,52039bf570c9d19ade3883ca9aa78644,1529.69219863992
2015-04-01,52039bf570c9d19ade3883ca9aa78644,1529.67612046976
2015-05-01,52039bf570c9d19ade3883ca9aa78644,1527.47700304238
2015-06-01,52039bf570c9d19ade3883ca9aa78644,1526.41447771885
2015-07-01,52039bf570c9d19ade3883ca9aa78644,1527.18429167967
2015-08-01,52039bf570c9d19ade3883ca9aa78644,1529.65670138775
2015-09-01,52039bf570c9d19ade3883ca9aa78644,1529.42424384753
2015-10-01,52039bf570c9d19ade3883ca9aa78644,1528.82341689739
2015-11-01,52039bf570c9d19ade3883ca9aa78644,1528.38026166699
2015-12-01,52039bf570c9d19ade3883ca9aa78644,1527.30753209736
2016-01-01,52039bf570c9d19ade3883ca9aa78644,1527.15116440595
2016-02-01,52039bf570c9d19ade3883ca9aa78644,1526.69226587086
2016-03-01,52039bf570c9d19ade3883ca9aa78644,1527.08161191498
2016-04-01,52039bf570c9d19ade3883ca9aa78644,1528.75643268944
2016-05-01,52039bf570c9d19ade3883ca9aa78644,1530.21589573932
2016-06-01,52039bf570c9d19ade3883ca9aa78644,1531.43317390117
2016-07-01,52039bf570c9d19ade3883ca9aa78644,1528.84225502754
2016-08-01,52039bf570c9d19ade3883ca9aa78644,1525.30903414825
2016-09-01,52039bf570c9d19ade3883ca9aa78644,1527.20644114797
2016-10-01,52039bf570c9d19ade3883ca9aa78644,1528.75232424447
2016-11-01,52039bf570c9d19ade3883ca9aa78644,1528.04807128112
2016-12-01,52039bf570c9d19ade3883ca9aa78644,1528.31543863576
2017-01-01,52039bf570c9d19ade3883ca9aa78644,1526.86882174242
2017-02-01,52039bf570c9d19ade3883ca9aa78644,1525.33339109634
2017-03-01,52039bf570c9d19ade3883ca9aa78644,1525.3502637209
2017-04-01,52039bf570c9d19ade3883ca9aa78644,1527.19460067673
2017-05-01,52039bf570c9d19ade3883ca9aa78644,1527.97250943475
2017-06-01,52039bf570c9d19ade3883ca9aa78644,1527.83313048502
2017-07-01,52039bf570c9d19ade3883ca9aa78644,1528.95818787561
2017-08-01,52039bf570c9d19ade3883ca9aa78644,1530.0617827454
2017-09-01,52039bf570c9d19ade3883ca9aa78644,1527.60278989908
2017-10-01,52039bf570c9d19ade3883ca9aa78644,1527.40094404274
2017-11-01,52039bf570c9d19ade3883ca9aa78644,1528.16574969382
2017-12-01,52039bf570c9d19ade3883ca9aa78644,1528.76958567503
2018-01-01,52039bf570c9d19ade3883ca9aa78644,1529.48127303541
2018-02-01,52039bf570c9d19ade3883ca9aa78644,1528.14105933219
2018-03-01,52039bf570c9d19ade3883ca9aa78644,1526.78983949302
2018-04-01,52039bf570c9d19ade3883ca9aa78644,1526.63128709034
2018-05-01,52039bf570c9d19ade3883ca9aa78644,1527.89207829111
2018-06-01,52039bf570c9d19ade3883ca9aa78644,1526.2407332704
2018-07-01,52039bf570c9d19ade3883ca9aa78644,1527.08473651527
2018-08-01,52039bf570c9d19ade3883ca9aa78644,1527.33314722644
2018-09-01,52039bf570c9d19ade3883ca9aa78644,1527.42814928193
2018-10-01,52039bf570c9d19ade3883ca9aa78644,1528.33490496094
2018-11-01,52039bf570c9d19ade3883ca9aa78644,1529.00231670804
2018-12-01,52039bf570c9d19ade3883ca9aa78644,1526.70562663467
2019-01-01,52039bf570c9d19ade3883ca9aa78644,1526.39271974594
2019-02-01,52039bf570c9d19ade3883ca9aa78644,1527.71150292494
2019-03-01,52039bf570c9d19ade3883ca9aa78644,1528.58751140721
2019-04-01,52039bf570c9d19ade3883ca9aa78644,1526.77812296615
2019-05-01,52039bf570c9d19ade3883ca9aa78644,1526.53495234243
2019-06-01,52039bf570c9d19ade3883ca9aa78644,1525.63249220916
2019-07-01,52039bf570c9d19ade3883ca9aa78644,1525.88691098143
2019-08-01,52039bf570c9d19ade3883ca9aa78644,1527.00228663012
2019-09-01,52039bf570c9d19ade3883ca9aa78644,1528.32899479957
2019-10-01,52039bf570c9d19ade3883ca9aa78644,1526.61318170741
2019-11-01,52039bf570c9d19ade3883ca9aa78644,1525.69303476693
2019-12-01,52039bf570c9d19ade3883ca9aa78644,1526.62634044314
2020-01-01,52039bf570c9d19ade3883ca9aa78644,1527.24928110178
2020-02-01,52039bf570c9d19ade3883ca9aa78644,1526.28072407699
2020-03-01,52039bf570c9d19ade3883ca9aa78644,1528.0181763554
2020-04-01,52039bf570c9d19ade3883ca9aa78644,1526.25506862111
2020-05-01,52039bf570c9d19ade3883ca9aa78644,1528.06091273454
2020-06-01,52039bf570c9d19ade3883ca9aa78644,1528.17582889736
2020-07-01,52039bf570c9d19ade3883ca9aa78644,1527.93948179916
2020-08-01,52039bf570c9d19ade3883ca9aa78644,1527.70812170116
2020-09-01,52039bf570c9d19ade3883ca9aa78644,1527.43480768425
2020-10-01,52039bf570c9d19ade3883ca9aa78644,1527.93346441272
2020-11-01,52039bf570c9d19ade3883ca9aa78644,1528.05765353052
2020-12-01,52039bf570c9d19ade3883ca9aa78644,1525.87714613956
2021-01-01,52039bf570c9d19ade3883ca9aa78644,1526.0279177582
2021-02-01,52039bf570c9d19ade3883ca9aa78644,1526.36217442305
2021-03-01,52039bf570c9d19ade3883ca9aa78644,1525.6614235536
2021-04-01,52039bf570c9d19ade3883ca9aa78644,1527.18970048014
2021-05-01,52039bf570c9d19ade3883ca9aa78644,1527.90461621372
2021-06-01,52039bf570c9d19ade3883ca9aa78644,1525.6220213369
2021-07-01,52039bf570c9d19ade3883ca9aa78644,1527.79213969464
2021-08-01,52039bf570c9d19ade3883ca9aa78644,1529.53482102023
2021-09-01,52039bf570c9d19ade3883ca9aa78644,1527.9165189419
2021-10-01,52039bf570c9d19ade3883ca9aa78644,1529.52699512317
2021-11-01,52039bf570c9d19ade3883ca9aa78644,1528.50350383149
2021-12-01,52039bf570c9d19ade3883ca9aa78644,1527.29517993341
2015-01-01,05da7031fc021630be64efd6f7ece321,2683.03423264087
2015-02-01,05da7031fc021630be64efd6f7ece321,2682.87785451848
2015-03-01,05da7031fc021630be64efd6f7ece321,2682.49453030356
2015-04-01,05da7031fc021630be64efd6f7ece321,2683.23939181749
2015-05-01,05da7031fc021630be64efd6f7ece321,2684.46646090475
2015-06-01,05da7031fc021630be64efd6f7ece321,2684.33086287784
2015-07-01,05da7031fc021630be64efd6f7ece321,2682.87802910474
2015-08-01,05da7031fc021630be64efd6f7ece321,2683.61309774667
2015-09-01,05da7031fc021630be64efd6f7ece321,2684.1979060691
2015-10-01,05da7031fc021630be64efd6f7ece321,2683.76432202731
2015-11-01,05da7031fc021630be64efd6f7ece321,2682.60870949888
2015-12-01,05da7031fc021630be64efd6f7ece321,2681.79149981304
2016-01-01,05da7031fc021630be64efd6f7ece321,2682.82840271623
2016-02-01,05da7031fc021630be64efd6f7ece321,2682.84455601123
2016-03-01,05da7031fc021630be64efd6f7ece321,2682.3689494602
2016-04-01,05da7031fc021630be64efd6f7ece321,2681.49018834837
2016-05-01,05da7031fc021630be64efd6f7ece321,2683.6150292793
2016-06-01,05da7031fc021630be64efd6f7ece321,2682.58320003488
2016-07-01,05da7031fc021630be64efd6f7ece321,2681.08622502936
2016-08-01,05da7031fc021630be64efd6f7ece321,2681.3569990301
2016-09-01,05da7031fc021630be64efd6f7ece321,2682.86686479919
2016-10-01,05da7031fc021630be64efd6f7ece321,2682.59623480015
2016-11-01,05da7031fc021630be64efd6f7ece321,2683.86489256288
2016-12-01,05da7031fc021630be64efd6f7ece321,2684.80670579776
2017-01-01,05da7031fc021630be64efd6f7ece321,2684.01221631418
2017-02-01,05da7031fc021630be64efd6f7ece321,2682.4194202963
2017-03-01,05da7031fc021630be64efd6f7ece321,2682.89842530574
2017-04-01,05da7031fc021630be64efd6f7ece321,2683.24072266483
2017-05-01,05da7031fc021630be64efd6f7ece321,2682.68387094931
2017-06-01,05da7031fc021630be64efd6f7ece321,2682.44060126908
2017-07-01,05da7031fc021630be64efd6f7ece321,2683.41830660059
2017-08-01,05da7031fc021630be64efd6f7ece321,2683.62826237753
2017-09-01,05da7031fc021630be64efd6f7ece321,2682.48068242401
2017-10-01,05da7031fc021630be64efd6f7ece321,2681.56882333841
2017-11-01,05da7031fc021630be64efd6f7ece321,2681.09996035963
2017-12-01,05da7031fc021630be64efd6f7ece321,2682.19279498947
2018-01-01,05da7031fc021630be64efd6f7ece321,2682.75620773592
2018-02-01,05da7031fc021630be64efd6f7ece321,2684.5837432312
2018-03-01,05da7031fc021630be64efd6f7ece321,2684.11328868219
2018-04-01,05da7031fc021630be64efd6f7ece321,2685.33650758382
2018-05-01,05da7031fc021630be64efd6f7ece321,2685.9396731718
2018-06-01,05da7031fc021630be64efd6f7ece321,2685.59541141588
2018-07-01,05da7031fc021630be64efd6f7ece321,2685.40708228267
2018-08-01,05da7031fc021630be64efd6f7ece321,2682.44035812063
2018-09-01,05da7031fc021630be64efd6f7ece321,2684.40458221935
2018-10-01,05da7031fc021630be64efd6f7ece321,2683.00945526308
2018-11-01,05da7031fc021630be64efd6f7ece321,2682.4684701113
2018-12-01,05da7031fc021630be64efd6f7ece321,2681.9492593456
2019-01-01,05da7031fc021630be64efd6f7ece321,2682.38702139881
2019-02-01,05da7031fc021630be64efd6f7ece321,2684.31613826654
2019-03-01,05da7031fc021630be64efd6f7ece321,2683.98008877044
2019-04-01,05da7031fc021630be64efd6f7ece321,2682.77886550961
2019-05-01,05da7031fc021630be64efd6f7ece321,2683.37595266735
2019-06-01,05da7031fc021630be64efd6f7ece321,2682.73286451137
2019-07-01,05da7031fc021630be64efd6f7ece321,2683.358177802
2019-08-01,05da7031fc021630be64efd6f7ece321,2682.57934127903
2019-09-01,05da7031fc021630be64efd6f7ece321,2681.97073520205
2019-10-01,05da7031fc021630be64efd6f7ece321,2682.75467133409
2019-11-01,05da7031fc021630be64efd6f7ece321,2683.49462025342
2019-12-01,05da7031fc021630be64efd6f7ece321,2684.41933616439
2020-01-01,05da7031fc021630be64efd6f7ece321,2683.27994945144
2020-02-01,05da7031fc021630be64efd6f7ece321,2684.06522820772
2020-03-01,05da7031fc021630be64efd6f7ece321,2683.4514124153
2020-04-01,05da7031fc021630be64efd6f7ece321,2683.38504008922
2020-05-01,05da7031fc021630be64efd6f7ece321,2685.06477429844
2020-06-01,05da7031fc021630be64efd6f7ece321,2684.57474085518
2020-07-01,05da7031fc021630be64efd6f7ece321,2683.23796712179
2020-08-01,05da7031fc021630be64efd6f7ece321,2684.32577251678
2020-09-01,05da7031fc021630be64efd6f7ece321,2684.28572086491
2020-10-01,05da7031fc021630be64efd6f7ece321,2683.5778141641
2020-11-01,05da7031fc021630be64efd6f7ece321,2684.46065310615
2020-12-01,05da7031fc021630be64efd6f7ece321,2685.34768193795
2021-01-01,05da7031fc021630be64efd6f7ece321,2683.37576439776
2021-02-01,05da7031fc021630be64efd6f7ece321,2681.75081374291
2021-03-01,05da7031fc021630be64efd6f7ece321,2683.23140665599
2021-04-01,05da7031fc021630be64efd6f7ece321,2683.83758721912
2021-05-01,05da7031fc021630be64efd6f7ece321,2683.90233893968
2021-06-01,05da7031fc021630be64efd6f7ece321,2684.22375445082
2021-07-01,05da7031fc021630be64efd6f7ece321,2685.10643237843
2021-08-01,05da7031fc021630be64efd6f7ece321,2683.53458313982
2021-09-01,05da7031fc021630be64efd6f7ece321,2683.7331222269
2021-10-01,05da7031fc021630be64efd6f7ece321,2681.58350135009
2021-11-01,05da7031fc021630be64efd6f7ece321,2683.69259285231
2021-12-01,05da7031fc021630be64efd6f7ece321,2682.34439457101
2015-01-01,0020d6cc57219cc1874e0c319ecacbf7,2009.31079352731
2015-02-01,0020d6cc57219cc1874e0c319ecacbf7,2007.44631859606
2015-03-01,0020d6cc57219cc1874e0c319ecacbf7,2006.48518504145
2015-04-01,0020d6cc57219cc1874e0c319ecacbf7,2006.80606773713
2015-05-01,0020d6cc57219cc1874e0c319ecacbf7,2005.95801810198
2015-06-01,0020d6cc57219cc1874e0c319ecacbf7,2004.22644856651
2015-07-01,0020d6cc57219cc1874e0c319ecacbf7,2006.4272447336
2015-08-01,0020d6cc57219cc1874e0c319ecacbf7,2008.49377939135
2015-09-01,0020d6cc57219cc1874e0c319ecacbf7,2006.44843746754
2015-10-01,0020d6cc57219cc1874e0c319ecacbf7,2007.41075892781
2015-11-01,0020d6cc57219cc1874e0c319ecacbf7,2007.63427809249
2015-12-01,0020d6cc57219cc1874e0c319ecacbf7,2005.51948216317
2016-01-01,0020d6cc57219cc1874e0c319ecacbf7,2006.52012524059
2016-02-01,0020d6cc57219cc1874e0c319ecacbf7,2007.46380311477
2016-03-01,0020d6cc57219cc1874e0c319ecacbf7,2006.19578994074
2016-04-01,0020d6cc57219cc1874e0c319ecacbf7,2006.70117618794
2016-05-01,0020d6cc57219cc1874e0c319ecacbf7,2008.08274799635
2016-06-01,0020d6cc57219cc1874e0c319ecacbf7,2006.20914688541
2016-07-01,0020d6cc57219cc1874e0c319ecacbf7,2006.78799427002
2016-08-01,0020d6cc57219cc1874e0c319ecacbf7,2007.74022619333
2016-09-01,0020d6cc57219cc1874e0c319ecacbf7,2006.03709751559
2016-10-01,0020d6cc57219cc1874e0c319ecacbf7,2006.30462431558
2016-11-01,0020d6cc57219cc1874e0c319ecacbf7,2007.61780482949
2016-12-01,0020d6cc57219cc1874e0c319ecacbf7,2007.79528878422
2017-01-01,0020d6cc57219cc1874e0c319ecacbf7,2008.02216627911
2017-02-01,0020d6cc57219cc1874e0c319ecacbf7,2008.62529909982
2017-03-01,0020d6cc57219cc1874e0c319ecacbf7,2008.18597941299
2017-04-01,0020d6cc57219cc1874e0c319ecacbf7,2008.32649182562
2017-05-01,0020d6cc57219cc1874e0c319ecacbf7,2007.95642522541
2017-06-01,0020d6cc57219cc1874e0c319ecacbf7,2006.74178126884
2017-07-01,0020d6cc57219cc1874e0c319ecacbf7,2005.3665280497
2017-08-01,0020d6cc57219cc1874e0c319ecacbf7,2004.56824601381
2017-09-01,0020d6cc57219cc1874e0c319ecacbf7,2007.2304523652
2017-10-01,0020d6cc57219cc1874e0c319ecacbf7,2007.64034934894
2017-11-01,0020d6cc57219cc1874e0c319ecacbf7,2008.9117645061
2017-12-01,0020d6cc57219cc1874e0c319ecacbf7,2005.837985541
2018-01-01,0020d6cc57219cc1874e0c319ecacbf7,2007.9582611506
2018-02-01,0020d6cc57219cc1874e0c319ecacbf7,2006.73901513373
2018-03-01,0020d6cc57219cc1874e0c319ecacbf7,2007.68616655743
2018-04-01,0020d6cc57219cc1874e0c319ecacbf7,2007.59106913287
2018-05-01,0020d6cc57219cc1874e0c319ecacbf7,2007.20712693973
2018-06-01,0020d6cc57219cc1874e0c319ecacbf7,2007.21234362568
2018-07-01,0020d6cc57219cc1874e0c319ecacbf7,2006.77798660783
2018-08-01,0020d6cc57219cc1874e0c319ecacbf7,2006.33971905837
2018-09-01,0020d6cc57219cc1874e0c319ecacbf7,2006.74515058151
2018-10-01,0020d6cc57219cc1874e0c319ecacbf7,2006.70341093177
2018-11-01,0020d6cc57219cc1874e0c319ecacbf7,2008.04283997188
2018-12-01,0020d6cc57219cc1874e0c319ecacbf7,2007.33170764356
2019-01-01,0020d6cc57219cc1874e0c319ecacbf7,2007.24544380786
2019-02-01,0020d6cc57219cc1874e0c319ecacbf7,2006.74711801124
2019-03-01,0020d6cc57219cc1874e0c319ecacbf7,2008.26159613149
2019-04-01,0020d6cc57219cc1874e0c319ecacbf7,2007.57931784591
2019-05-01,0020d6cc57219cc1874e0c319ecacbf7,2006.88574584072
2019-06-01,0020d6cc57219cc1874e0c319ecacbf7,2007.12501148545
2019-07-01,0020d6cc57219cc1874e0c319ecacbf7,2007.4976252231
2019-08-01,0020d6cc57219cc1874e0c319ecacbf7,2007.578509923
2019-09-01,0020d6cc57219cc1874e0c319ecacbf7,2009.02529793625
2019-10-01,0020d6cc57219cc1874e0c319ecacbf7,2009.07392657538
2019-11-01,0020d6cc57219cc1874e0c319ecacbf7,2007.77416266415
2019-12-01,0020d6cc57219cc1874e0c319ecacbf7,2008.14281060304
2020-01-01,0020d6cc57219cc1874e0c319ecacbf7,2006.00562988121
2020-02-01,0020d6cc57219cc1874e0c319ecacbf7,2006.56060879754
2020-03-01,0020d6cc57219cc1874e0c319ecacbf7,2006.73457043343
2020-04-01,0020d6cc57219cc1874e0c319ecacbf7,2008.12423023597
2020-05-01,0020d6cc57219cc1874e0c319ecacbf7,2006.36553712483
2020-06-01,0020d6cc57219cc1874e0c319ecacbf7,2006.60341851406
2020-07-01,0020d6cc57219cc1874e0c319ecacbf7,2009.70814870965
2020-08-01,0020d6cc57219cc1874e0c319ecacbf7,2007.54154487922
2020-09-01,0020d6cc57219cc1874e0c319ecacbf7,2006.7628481633
2020-10-01,0020d6cc57219cc1874e0c319ecacbf7,2008.41663658274
2020-11-01,0020d6cc57219cc1874e0c319ecacbf7,2007.57065711839
2020-12-01,0020d6cc57219cc1874e0c319ecacbf7,2010.38013004362
2021-01-01,0020d6cc57219cc1874e0c319ecacbf7,2007.79398727448
2021-02-01,0020d6cc57219cc1874e0c319ecacbf7,2007.47718037964
2021-03-01,0020d6cc57219cc1874e0c319ecacbf7,2007.55542190706
2021-04-01,0020d6cc57219cc1874e0c319ecacbf7,2007.57839591163
2021-05-01,0020d6cc57219cc1874e0c319ecacbf7,2009.64163627406
2021-06-01,0020d6cc57219cc1874e0c319ecacbf7,2009.24966523228
2021-07-01,0020d6cc57219cc1874e0c319ecacbf7,2005.99641720236
2021-08-01,0020d6cc57219cc1874e0c319ecacbf7,2006.63382917857
2021-09-01,0020d6cc57219cc1874e0c319ecacbf7,2006.99495054653
2021-10-01,0020d6cc57219cc1874e0c319ecacbf7,2008.37222722506
2021-11-01,0020d6cc57219cc1874e0c319ecacbf7,2008.03991581082
2021-12-01,0020d6cc57219cc1874e0c319ecacbf7,2010.26035602432
2015-01-01,fef1f2f21c1592414d1dddc57acbca61,1216.39024881078
2015-02-01,fef1f2f21c1592414d1dddc57acbca61,1217.42155784568
2015-03-01,fef1f2f21c1592414d1dddc57acbca61,1216.43420317751
2015-04-01,fef1f2f21c1592414d1dddc57acbca61,1217.85819148805
2015-05-01,fef1f2f21c1592414d1dddc57acbca61,1217.27693732103
2015-06-01,fef1f2f21c1592414d1dddc57acbca61,1216.87657293159
2015-07-01,fef1f2f21c1592414d1dddc57acbca61,1216.58160836842
2015-08-01,fef1f2f21c1592414d1dddc57acbca61,1215.54518800925
2015-09-01,fef1f2f21c1592414d1dddc57acbca61,1216.70921206304
2015-10-01,fef1f2f21c1592414d1dddc57acbca61,1217.99351377539
2015-11-01,fef1f2f21c1592414d1dddc57acbca61,1217.39450809904
2015-12-01,fef1f2f21c1592414d1dddc57acbca61,1216.70266749915
2016-01-01,fef1f2f21c1592414d1dddc57acbca61,1216.42015382531
2016-02-01,fef1f2f21c1592414d1dddc57acbca61,1215.14403140125
2016-03-01,fef1f2f21c1592414d1dddc57acbca61,1216.55590051859
2016-04-01,fef1f2f21c1592414d1dddc57acbca61,1215.55568980041
2016-05-01,fef1f2f21c1592414d1dddc57acbca61,1217.59300270389
2016-06-01,fef1f2f21c1592414d1dddc57acbca61,1217.45134935612
2016-07-01,fef1f2f21c1592414d1dddc57acbca61,1215.83501227671
2016-08-01,fef1f2f21c1592414d1dddc57acbca61,1217.01560423536
2016-09-01,fef1f2f21c1592414d1dddc57acbca61,1219.16140380888
2016-10-01,fef1f2f21c1592414d1dddc57acbca61,1215.64184268357
2016-11-01,fef1f2f21c1592414d1dddc57acbca61,1214.64895014955
2016-12-01,fef1f2f21c1592414d1dddc57acbca61,1217.44977302355
2017-01-01,fef1f2f21c1592414d1dddc57acbca61,1215.57788009833
2017-02-01,fef1f2f21c1592414d1dddc57acbca61,1215.97819327692
2017-03-01,fef1f2f21c1592414d1dddc57acbca61,1217.37668827723
2017-04-01,fef1f2f21c1592414d1dddc57acbca61,1214.61711342145
2017-05-01,fef1f2f21c1592414d1dddc57acbca61,1216.39989581696
2017-06-01,fef1f2f21c1592414d1dddc57acbca61,1216.27099567104
2017-07-01,fef1f2f21c1592414d1dddc57acbca61,1216.68805292045
2017-08-01,fef1f2f21c1592414d1dddc57acbca61,1217.35738374557
2017-09-01,fef1f2f21c1592414d1dddc57acbca61,1216.44135384476
2017-10-01,fef1f2f21c1592414d1dddc57acbca61,1214.96474206048
2017-11-01,fef1f2f21c1592414d1dddc57acbca61,1217.00453030535
2017-12-01,fef1f2f21c1592414d1dddc57acbca61,1215.74179247197
2018-01-01,fef1f2f21c1592414d1dddc57acbca61,1216.40348729592
2018-02-01,fef1f2f21c1592414d1dddc57acbca61,1217.16671387902
2018-03-01,fef1f2f21c1592414d1dddc57acbca61,1214.78526319304
2018-04-01,fef1f2f21c1592414d1dddc57acbca61,1215.0519184997
2018-05-01,fef1f2f21c1592414d1dddc57acbca61,1217.20138138441
2018-06-01,fef1f2f21c1592414d1dddc57acbca61,1216.03913716325
2018-07-01,fef1f2f21c1592414d1dddc57acbca61,1216.84355110307
2018-08-01,fef1f2f21c1592414d1dddc57acbca61,1216.4746612927
2018-09-01,fef1f2f21c1592414d1dddc57acbca61,1214.16412616621
2018-10-01,fef1f2f21c1592414d1dddc57acbca61,1215.95178858723
2018-11-01,fef1f2f21c1592414d1dddc57acbca61,1215.54655521966
2018-12-01,fef1f2f21c1592414d1dddc57acbca61,1214.43256516956
2019-01-01,fef1f2f21c1592414d1dddc57acbca61,1214.78193397512
2019-02-01,fef1f2f21c1592414d1dddc57acbca61,1216.58156712031
2019-03-01,fef1f2f21c1592414d1dddc57acbca61,1215.28550597514
2019-04-01,fef1f2f21c1592414d1dddc57acbca61,1213.87322531689
2019-05-01,fef1f2f21c1592414d1dddc57acbca61,1214.43395624498
2019-06-01,fef1f2f21c1592414d1dddc57acbca61,1215.71296267204
2019-07-01,fef1f2f21c1592414d1dddc57acbca61,1216.07778860349
2019-08-01,fef1f2f21c1592414d1dddc57acbca61,1215.83048094872
2019-09-01,fef1f2f21c1592414d1dddc57acbca61,1215.13377351231
2019-10-01,fef1f2f21c1592414d1dddc57acbca61,1216.36398267989
2019-11-01,fef1f2f21c1592414d1dddc57acbca61,1215.96471773015
2019-12-01,fef1f2f21c1592414d1dddc57acbca61,1215.85744398276
2020-01-01,fef1f2f21c1592414d1dddc57acbca61,1216.18017656147
2020-02-01,fef1f2f21c1592414d1dddc57acbca61,1215.67261525992
2020-03-01,fef1f2f21c1592414d1dddc57acbca61,1214.07430348459
2020-04-01,fef1f2f21c1592414d1dddc57acbca61,1214.64842602987
2020-05-01,fef1f2f21c1592414d1dddc57acbca61,1216.1403338605
2020-06-01,fef1f2f21c1592414d1dddc57acbca61,1213.82724304621
2020-07-01,fef1f2f21c1592414d1dddc57acbca61,1214.68953205103
2020-08-01,fef1f2f21c1592414d1dddc57acbca61,1217.24337616647
2020-09-01,fef1f2f21c1592414d1dddc57acbca61,1214.93796963343
2020-10-01,fef1f2f21c1592414d1dddc57acbca61,1214.41930874189
2020-11-01,fef1f2f21c1592414d1dddc57acbca61,1214.78114690745
2020-12-01,fef1f2f21c1592414d1dddc57acbca61,1213.63729574677
2021-01-01,fef1f2f21c1592414d1dddc57acbca61,1213.10355154536
2021-02-01,fef1f2f21c1592414d1dddc57acbca61,1213.64355835515
2021-03-01,fef1f2f21c1592414d1dddc57acbca61,1213.0540920302
2021-04-01,fef1f2f21c1592414d1dddc57acbca61,1214.81868360183
2021-05-01,fef1f2f21c1592414d1dddc57acbca61,1215.58069570503
2021-06-01,fef1f2f21c1592414d1dddc57acbca61,1214.07203373939
2021-07-01,fef1f2f21c1592414d1dddc57acbca61,1216.42417750087
2021-08-01,fef1f2f21c1592414d1dddc57acbca61,1216.35214496913
2021-09-01,fef1f2f21c1592414d1dddc57acbca61,1216.32597547358
2021-10-01,fef1f2f21c1592414d1dddc57acbca61,1214.98623673048
2021-11-01,fef1f2f21c1592414d1dddc57acbca61,1213.32607653251
2021-12-01,fef1f2f21c1592414d1dddc57acbca61,1215.29718810237
2015-01-01,e98c63b52b7dc69e67ce7c8922d6e75e,1894.42972396223
2015-02-01,e98c63b52b7dc69e67ce7c8922d6e75e,1893.75192808764
2015-03-01,e98c63b52b7dc69e67ce7c8922d6e75e,1891.87658771771
2015-04-01,e98c63b52b7dc69e67ce7c8922d6e75e,1891.89692633017
2015-05-01,e98c63b52b7dc69e67ce7c8922d6e75e,1893.39607828382
2015-06-01,e98c63b52b7dc69e67ce7c8922d6e75e,1894.3733956712
2015-07-01,e98c63b52b7dc69e67ce7c8922d6e75e,1894.69039136409
2015-08-01,e98c63b52b7dc69e67ce7c8922d6e75e,1894.76057857458
2015-09-01,e98c63b52b7dc69e67ce7c8922d6e75e,1893.76205752832
2015-10-01,e98c63b52b7dc69e67ce7c8922d6e75e,1894.86014581097
2015-11-01,e98c63b52b7dc69e67ce7c8922d6e75e,1894.8780718142
2015-12-01,e98c63b52b7dc69e67ce7c8922d6e75e,1895.3153919711
2016-01-01,e98c63b52b7dc69e67ce7c8922d6e75e,1896.46076911452
2016-02-01,e98c63b52b7dc69e67ce7c8922d6e75e,1897.88570725622
2016-03-01,e98c63b52b7dc69e67ce7c8922d6e75e,1898.97956731818
2016-04-01,e98c63b52b7dc69e67ce7c8922d6e75e,1897.82298270786
2016-05-01,e98c63b52b7dc69e67ce7c8922d6e75e,1896.13118345183
2016-06-01,e98c63b52b7dc69e67ce7c8922d6e75e,1894.47606924392
2016-07-01,e98c63b52b7dc69e67ce7c8922d6e75e,1893.55117588963
2016-08-01,e98c63b52b7dc69e67ce7c8922d6e75e,1893.17787933444
2016-09-01,e98c63b52b7dc69e67ce7c8922d6e75e,1895.63769873144
2016-10-01,e98c63b52b7dc69e67ce7c8922d6e75e,1897.55031591229
2016-11-01,e98c63b52b7dc69e67ce7c8922d6e75e,1895.72510921025
2016-12-01,e98c63b52b7dc69e67ce7c8922d6e75e,1893.77397541681
2017-01-01,e98c63b52b7dc69e67ce7c8922d6e75e,1892.40442669645
2017-02-01,e98c63b52b7dc69e67ce7c8922d6e75e,1894.50691504458
2017-03-01,e98c63b52b7dc69e67ce7c8922d6e75e,1898.53369242843
2017-04-01,e98c63b52b7dc69e67ce7c8922d6e75e,1897.82459843584
2017-05-01,e98c63b52b7dc69e67ce7c8922d6e75e,1894.64330755723
2017-06-01,e98c63b52b7dc69e67ce7c8922d6e75e,1894.52537788883
2017-07-01,e98c63b52b7dc69e67ce7c8922d6e75e,1896.41429061101
2017-08-01,e98c63b52b7dc69e67ce7c8922d6e75e,1898.51512606068
2017-09-01,e98c63b52b7dc69e67ce7c8922d6e75e,1898.71700546629
2017-10-01,e98c63b52b7dc69e67ce7c8922d6e75e,1897.38883363133
2017-11-01,e98c63b52b7dc69e67ce7c8922d6e75e,1895.64621117013
2017-12-01,e98c63b52b7dc69e67ce7c8922d6e75e,1895.59402491037
2018-01-01,e98c63b52b7dc69e67ce7c8922d6e75e,1899.06626482753
2018-02-01,e98c63b52b7dc69e67ce7c8922d6e75e,1899.6229982509
2018-03-01,e98c63b52b7dc69e67ce7c8922d6e75e,1898.65456332384
2018-04-01,e98c63b52b7dc69e67ce7c8922d6e75e,1897.5253130942
2018-05-01,e98c63b52b7dc69e67ce7c8922d6e75e,1897.52111715283
2018-06-01,e98c63b52b7dc69e67ce7c8922d6e75e,1898.56605726539
2018-07-01,e98c63b52b7dc69e67ce7c8922d6e75e,1896.72774064806
2018-08-01,e98c63b52b7dc69e67ce7c8922d6e75e,1895.37243724417
2018-09-01,e98c63b52b7dc69e67ce7c8922d6e75e,1895.9681096681
2018-10-01,e98c63b52b7dc69e67ce7c8922d6e75e,1897.10214932729
2018-11-01,e98c63b52b7dc69e67ce7c8922d6e75e,1898.29132553632
2018-12-01,e98c63b52b7dc69e67ce7c8922d6e75e,1899.20027813445
2019-01-01,e98c63b52b7dc69e67ce7c8922d6e75e,1899.26124144712
2019-02-01,e98c63b52b7dc69e67ce7c8922d6e75e,1898.0165093721
2019-03-01,e98c63b52b7dc69e67ce7c8922d6e75e,1895.95951635626
2019-04-01,e98c63b52b7dc69e67ce7c8922d6e75e,1897.4496658433
2019-05-01,e98c63b52b7dc69e67ce7c8922d6e75e,1898.84722511592
2019-06-01,e98c63b52b7dc69e67ce7c8922d6e75e,1897.01110465914
2019-07-01,e98c63b52b7dc69e67ce7c8922d6e75e,1896.10244988458
2019-08-01,e98c63b52b7dc69e67ce7c8922d6e75e,1897.61047844977
2019-09-01,e98c63b52b7dc69e67ce7c8922d6e75e,1899.08740091324
2019-10-01,e98c63b52b7dc69e67ce7c8922d6e75e,1896.81296115609
2019-11-01,e98c63b52b7dc69e67ce7c8922d6e75e,1895.89143233003
2019-12-01,e98c63b52b7dc69e67ce7c8922d6e75e,1898.80923222396
2020-01-01,e98c63b52b7dc69e67ce7c8922d6e75e,1899.47927416072
2020-02-01,e98c63b52b7dc69e67ce7c8922d6e75e,1899.68061778705
2020-03-01,e98c63b52b7dc69e67ce7c8922d6e75e,1898.81586000441
2020-04-01,e98c63b52b7dc69e67ce7c8922d6e75e,1897.38362292814
2020-05-01,e98c63b52b7dc69e67ce7c8922d6e75e,1898.05470343436
2020-06-01,e98c63b52b7dc69e67ce7c8922d6e75e,1898.55795640071
2020-07-01,e98c63b52b7dc69e67ce7c8922d6e75e,1897.56393400313
2020-08-01,e98c63b52b7dc69e67ce7c8922d6e75e,1898.28135805236
2020-09-01,e98c63b52b7dc69e67ce7c8922d6e75e,1899.65321643619
2020-10-01,e98c63b52b7dc69e67ce7c8922d6e75e,1898.76519697875
2020-11-01,e98c63b52b7dc69e67ce7c8922d6e75e,1899.0484344911
2020-12-01,e98c63b52b7dc69e67ce7c8922d6e75e,1899.12996379829
2021-01-01,e98c63b52b7dc69e67ce7c8922d6e75e,1899.00705389979
2021-02-01,e98c63b52b7dc69e67ce7c8922d6e75e,1900.2126596994
2021-03-01,e98c63b52b7dc69e67ce7c8922d6e75e,1902.13256072199
2021-04-01,e98c63b52b7dc69e67ce7c8922d6e75e,1900.99769059886
2021-05-01,e98c63b52b7dc69e67ce7c8922d6e75e,1898.33581795147
2021-06-01,e98c63b52b7dc69e67ce7c8922d6e75e,1898.77900312759
2021-07-01,e98c63b52b7dc69e67ce7c8922d6e75e,1899.82972941491
2021-08-01,e98c63b52b7dc69e67ce7c8922d6e75e,1899.04577547953
2021-09-01,e98c63b52b7dc69e67ce7c8922d6e75e,1899.24001350288
2021-10-01,e98c63b52b7dc69e67ce7c8922d6e75e,1901.20641844632
2021-11-01,e98c63b52b7dc69e67ce7c8922d6e75e,1900.73329416136
2021-12-01,e98c63b52b7dc69e67ce7c8922d6e75e,1898.18068434423
2015-01-01,a96920598ca8396de15c6ca55c1ad0bc,2379.15016139655
2015-02-01,a96920598ca8396de15c6ca55c1ad0bc,2378.71910617171
2015-03-01,a96920598ca8396de15c6ca55c1ad0bc,2379.03885716533
2015-04-01,a96920598ca8396de15c6ca55c1ad0bc,2380.35822019731
2015-05-01,a96920598ca8396de15c6ca55c1ad0bc,2378.40020618288
2015-06-01,a96920598ca8396de15c6ca55c1ad0bc,2378.89504320083
2015-07-01,a96920598ca8396de15c6ca55c1ad0bc,2377.47814117713
2015-08-01,a96920598ca8396de15c6ca55c1ad0bc,2378.7132281937
2015-09-01,a96920598ca8396de15c6ca55c1ad0bc,2380.95912081158
2015-10-01,a96920598ca8396de15c6ca55c1ad0bc,2378.41758835931
2015-11-01,a96920598ca8396de15c6ca55c1ad0bc,2378.60636037106
2015-12-01,a96920598ca8396de15c6ca55c1ad0bc,2380.11184948429
2016-01-01,a96920598ca8396de15c6ca55c1ad0bc,2379.15545566508
2016-02-01,a96920598ca8396de15c6ca55c1ad0bc,2379.04733385462
2016-03-01,a96920598ca8396de15c6ca55c1ad0bc,2379.05049591183
2016-04-01,a96920598ca8396de15c6ca55c1ad0bc,2379.07126933046
2016-05-01,a96920598ca8396de15c6ca55c1ad0bc,2380.03035420818
2016-06-01,a96920598ca8396de15c6ca55c1ad0bc,2379.71861373298
2016-07-01,a96920598ca8396de15c6ca55c1ad0bc,2379.13117493895
2016-08-01,a96920598ca8396de15c6ca55c1ad0bc,2379.75547676689
2016-09-01,a96920598ca8396de15c6ca55c1ad0bc,2377.81649251781
2016-10-01,a96920598ca8396de15c6ca55c1ad0bc,2378.90141164396
2016-11-01,a96920598ca8396de15c6ca55c1ad0bc,2379.57986092651
2016-12-01,a96920598ca8396de15c6ca55c1ad0bc,2379.23683666754
2017-01-01,a96920598ca8396de15c6ca55c1ad0bc,2379.28646325024
2017-02-01,a96920598ca8396de15c6ca55c1ad0bc,2378.39670665802
2017-03-01,a96920598ca8396de15c6ca55c1ad0bc,2379.72249690302
2017-04-01,a96920598ca8396de15c6ca55c1ad0bc,2379.79938142027
2017-05-01,a96920598ca8396de15c6ca55c1ad0bc,2380.51443178374
2017-06-01,a96920598ca8396de15c6ca55c1ad0bc,2379.49286102241
2017-07-01,a96920598ca8396de15c6ca55c1ad0bc,2380.19460987732
2017-08-01,a96920598ca8396de15c6ca55c1ad0bc,2380.78124372795
2017-09-01,a96920598ca8396de15c6ca55c1ad0bc,2381.47796400598
2017-10-01,a96920598ca8396de15c6ca55c1ad0bc,2378.43516346787
2017-11-01,a96920598ca8396de15c6ca55c1ad0bc,2378.65303518447
2017-12-01,a96920598ca8396de15c6ca55c1ad0bc,2378.87781778918
2018-01-01,a96920598ca8396de15c6ca55c1ad0bc,2379.33077717107
2018-02-01,a96920598ca8396de15c6ca55c1ad0bc,2380.09658270391
2018-03-01,a96920598ca8396de15c6ca55c1ad0bc,2380.11357102694
2018-04-01,a96920598ca8396de15c6ca55c1ad0bc,2380.8615985814
2018-05-01,a96920598ca8396de15c6ca55c1ad0bc,2381.47848937754
2018-06-01,a96920598ca8396de15c6ca55c1ad0bc,2379.68564234851
2018-07-01,a96920598ca8396de15c6ca55c1ad0bc,2379.64603619557
2018-08-01,a96920598ca8396de15c6ca55c1ad0bc,2379.16789481659
2018-09-01,a96920598ca8396de15c6ca55c1ad0bc,2379.2918242126
2018-10-01,a96920598ca8396de15c6ca55c1ad0bc,2379.01818586113
2018-11-01,a96920598ca8396de15c6ca55c1ad0bc,2380.19564098674
2018-12-01,a96920598ca8396de15c6ca55c1ad0bc,2381.54148900423
2019-01-01,a96920598ca8396de15c6ca55c1ad0bc,2381.0586578588
2019-02-01,a96920598ca8396de15c6ca55c1ad0bc,2380.33262363528
2019-03-01,a96920598ca8396de15c6ca55c1ad0bc,2379.34983447998
2019-04-01,a96920598ca8396de15c6ca55c1ad0bc,2377.61962091121
2019-05-01,a96920598ca8396de15c6ca55c1ad0bc,2381.71779055161
2019-06-01,a96920598ca8396de15c6ca55c1ad0bc,2379.81372260342
2019-07-01,a96920598ca8396de15c6ca55c1ad0bc,2379.65956161747
2019-08-01,a96920598ca8396de15c6ca55c1ad0bc,2381.10830641463
2019-09-01,a96920598ca8396de15c6ca55c1ad0bc,2380.58503670768
2019-10-01,a96920598ca8396de15c6ca55c1ad0bc,2380.83159455566
2019-11-01,a96920598ca8396de15c6ca55c1ad0bc,2380.51869316759
2019-12-01,a96920598ca8396de15c6ca55c1ad0bc,2378.55615633073
2020-01-01,a96920598ca8396de15c6ca55c1ad0bc,2379.57991988137
2020-02-01,a96920598ca8396de15c6ca55c1ad0bc,2379.60582843748
2020-03-01,a96920598ca8396de15c6ca55c1ad0bc,2380.13714969467
2020-04-01,a96920598ca8396de15c6ca55c1ad0bc,2378.65540554159
2020-05-01,a96920598ca8396de15c6ca55c1ad0bc,2377.27234672763
2020-06-01,a96920598ca8396de15c6ca55c1ad0bc,2379.61769321854
2020-07-01,a96920598ca8396de15c6ca55c1ad0bc,2379.46151035754
2020-08-01,a96920598ca8396de15c6ca55c1ad0bc,2380.7446369795
2020-09-01,a96920598ca8396de15c6ca55c1ad0bc,2377.96131891736
2020-10-01,a96920598ca8396de15c6ca55c1ad0bc,2380.51987359732
2020-11-01,a96920598ca8396de15c6ca55c1ad0bc,2380.32535229474
2020-12-01,a96920598ca8396de15c6ca55c1ad0bc,2380.96907712198
2021-01-01,a96920598ca8396de15c6ca55c1ad0bc,2379.22245118021
2021-02-01,a96920598ca8396de15c6ca55c1ad0bc,2379.71497867312
2021-03-01,a96920598ca8396de15c6ca55c1ad0bc,2380.23706724882
2021-04-01,a96920598ca8396de15c6ca55c1ad0bc,2381.39122037307
2021-05-01,a96920598ca8396de15c6ca55c1ad0bc,2379.48949375718
2021-06-01,a96920598ca8396de15c6ca55c1ad0bc,2378.71115346315
2021-07-01,a96920598ca8396de15c6ca55c1ad0bc,2380.86759621511
2021-08-01,a96920598ca8396de15c6ca55c1ad0bc,2380.15768222182
2021-09-01,a96920598ca8396de15c6ca55c1ad0bc,2379.92543276989
2021-10-01,a96920598ca8396de15c6ca55c1ad0bc,2379.19780593495
2021-11-01,a96920598ca8396de15c6ca55c1ad0bc,2381.49058203655
2021-12-01,a96920598ca8396de15c6ca55c1ad0bc,2378.07252528822
2015-01-01,ce469f07adea576ec8ba8eb4aa289ee9,2747.57232339575
2015-02-01,ce469f07adea576ec8ba8eb4aa289ee9,2747.86920777841
2015-03-01,ce469f07adea576ec8ba8eb4aa289ee9,2748.39243713617
2015-04-01,ce469f07adea576ec8ba8eb4aa289ee9,2747.95619269937
2015-05-01,ce469f07adea576ec8ba8eb4aa289ee9,2746.58992434343
2015-06-01,ce469f07adea576ec8ba8eb4aa289ee9,2747.14508972578
2015-07-01,ce469f07adea576ec8ba8eb4aa289ee9,2748.00168255363
2015-08-01,ce469f07adea576ec8ba8eb4aa289ee9,2747.13071097401
2015-09-01,ce469f07adea576ec8ba8eb4aa289ee9,2748.20797796401
2015-10-01,ce469f07adea576ec8ba8eb4aa289ee9,2747.71290718664
2015-11-01,ce469f07adea576ec8ba8eb4aa289ee9,2746.84419957161
2015-12-01,ce469f07adea576ec8ba8eb4aa289ee9,2748.38841158353
2016-01-01,ce469f07adea576ec8ba8eb4aa289ee9,2748.03552565491
2016-02-01,ce469f07adea576ec8ba8eb4aa289ee9,2747.63935837428
2016-03-01,ce469f07adea576ec8ba8eb4aa289ee9,2746.29835147723
2016-04-01,ce469f07adea576ec8ba8eb4aa289ee9,2747.01287957315
2016-05-01,ce469f07adea576ec8ba8eb4aa289ee9,2749.0937258273
2016-06-01,ce469f07adea576ec8ba8eb4aa289ee9,2747.93275798215
2016-07-01,ce469f07adea576ec8ba8eb4aa289ee9,2747.73970731189
2016-08-01,ce469f07adea576ec8ba8eb4aa289ee9,2747.27937358981
2016-09-01,ce469f07adea576ec8ba8eb4aa289ee9,2747.43251963986
2016-10-01,ce469f07adea576ec8ba8eb4aa289ee9,2746.62165936013
2016-11-01,ce469f07adea576ec8ba8eb4aa289ee9,2746.19081602109
2016-12-01,ce469f07adea576ec8ba8eb4aa289ee9,2745.60524297748
2017-01-01,ce469f07adea576ec8ba8eb4aa289ee9,2746.99683013517
2017-02-01,ce469f07adea576ec8ba8eb4aa289ee9,2746.85312729835
2017-03-01,ce469f07adea576ec8ba8eb4aa289ee9,2747.83403103065
2017-04-01,ce469f07adea576ec8ba8eb4aa289ee9,2747.66669398002
2017-05-01,ce469f07adea576ec8ba8eb4aa289ee9,2747.5395385977
2017-06-01,ce469f07adea576ec8ba8eb4aa289ee9,2747.02759624691
2017-07-01,ce469f07adea576ec8ba8eb4aa289ee9,2747.18279843789
2017-08-01,ce469f07adea576ec8ba8eb4aa289ee9,2747.59769526533
2017-09-01,ce469f07adea576ec8ba8eb4aa289ee9,2746.02757779489
2017-10-01,ce469f07adea576ec8ba8eb4aa289ee9,2744.82713248275
2017-11-01,ce469f07adea576ec8ba8eb4aa289ee9,2746.13969051162
2017-12-01,ce469f07adea576ec8ba8eb4aa289ee9,2746.66377293267
2018-01-01,ce469f07adea576ec8ba8eb4aa289ee9,2745.63489140615
2018-02-01,ce469f07adea576ec8ba8eb4aa289ee9,2744.00424639049
2018-03-01,ce469f07adea576ec8ba8eb4aa289ee9,2744.86236693703
2018-04-01,ce469f07adea576ec8ba8eb4aa289ee9,2742.56855930635
2018-05-01,ce469f07adea576ec8ba8eb4aa289ee9,2743.51424682406
2018-06-01,ce469f07adea576ec8ba8eb4aa289ee9,2744.75272165223
2018-07-01,ce469f07adea576ec8ba8eb4aa289ee9,2745.84360874991
2018-08-01,ce469f07adea576ec8ba8eb4aa289ee9,2744.3033420745
2018-09-01,ce469f07adea576ec8ba8eb4aa289ee9,2747.2885788385
2018-10-01,ce469f07adea576ec8ba8eb4aa289ee9,2748.08855405301
2018-11-01,ce469f07adea576ec8ba8eb4aa289ee9,2747.17819029478
2018-12-01,ce469f07adea576ec8ba8eb4aa289ee9,2745.60501930929
2019-01-01,ce469f07adea576ec8ba8eb4aa289ee9,2744.09152711816
2019-02-01,ce469f07adea576ec8ba8eb4aa289ee9,2743.73424563938
2019-03-01,ce469f07adea576ec8ba8eb4aa289ee9,2743.18195001763
2019-04-01,ce469f07adea576ec8ba8eb4aa289ee9,2744.83044393512
2019-05-01,ce469f07adea576ec8ba8eb4aa289ee9,2745.89295917645
2019-06-01,ce469f07adea576ec8ba8eb4aa289ee9,2744.9823450062
2019-07-01,ce469f07adea576ec8ba8eb4aa289ee9,2747.27357829577
2019-08-01,ce469f07adea576ec8ba8eb4aa289ee9,2747.05665728769
2019-09-01,ce469f07adea576ec8ba8eb4aa289ee9,2746.18946562065
2019-10-01,ce469f07adea576ec8ba8eb4aa289ee9,2746.50342417419
2019-11-01,ce469f07adea576ec8ba8eb4aa289ee9,2744.89121029953
2019-12-01,ce469f07adea576ec8ba8eb4aa289ee9,2743.18923113988
2020-01-01,ce469f07adea576ec8ba8eb4aa289ee9,2744.99790040578
2020-02-01,ce469f07adea576ec8ba8eb4aa289ee9,2744.95169212341
2020-03-01,ce469f07adea576ec8ba8eb4aa289ee9,2744.66029718888
2020-04-01,ce469f07adea576ec8ba8eb4aa289ee9,2745.0738884279
2020-05-01,ce469f07adea576ec8ba8eb4aa289ee9,2744.96214854993
2020-06-01,ce469f07adea576ec8ba8eb4aa289ee9,2743.10668645503
2020-07-01,ce469f07adea576ec8ba8eb4aa289ee9,2743.67313256192
2020-08-01,ce469f07adea576ec8ba8eb4aa289ee9,2744.73980184887
2020-09-01,ce469f07adea576ec8ba8eb4aa289ee9,2744.44011717154
2020-10-01,ce469f07adea576ec8ba8eb4aa289ee9,2745.35302988914
2020-11-01,ce469f07adea576ec8ba8eb4aa289ee9,2744.02254565369
2020-12-01,ce469f07adea576ec8ba8eb4aa289ee9,2742.77417376546
2021-01-01,ce469f07adea576ec8ba8eb4aa289ee9,2744.51195313967
2021-02-01,ce469f07adea576ec8ba8eb4aa289ee9,2745.26573500821
2021-03-01,ce469f07adea576ec8ba8eb4aa289ee9,2745.55112432551
2021-04-01,ce469f07adea576ec8ba8eb4aa289ee9,2745.34307780937
2021-05-01,ce469f07adea576ec8ba8eb4aa289ee9,2744.79059591118
2021-06-01,ce469f07adea576ec8ba8eb4aa289ee9,2743.6478211434
2021-07-01,ce469f07adea576ec8ba8eb4aa289ee9,2742.64505250727
2021-08-01,ce469f07adea576ec8ba8eb4aa289ee9,2743.31848187243
2021-09-01,ce469f07adea576ec8ba8eb4aa289ee9,2743.58869799498
2021-10-01,ce469f07adea576ec8ba8eb4aa289ee9,2743.89786654141
2021-11-01,ce469f07adea576ec8ba8eb4aa289ee9,2744.27656172799
2021-12-01,ce469f07adea576ec8ba8eb4aa289ee9,2743.94224883715
2015-01-01,e7936c80b4667ed20eb92ba8cf47f21f,2387.43700945107
2015-02-01,e7936c80b4667ed20eb92ba8cf47f21f,2389.08619179532
2015-03-01,e7936c80b4667ed20eb92ba8cf47f21f,2387.51294539584
2015-04-01,e7936c80b4667ed20eb92ba8cf47f21f,2386.14776558484
2015-05-01,e7936c80b4667ed20eb92ba8cf47f21f,2384.52358138885
2015-06-01,e7936c80b4667ed20eb92ba8cf47f21f,2386.17427298183
2015-07-01,e7936c80b4667ed20eb92ba8cf47f21f,2386.56871825002
2015-08-01,e7936c80b4667ed20eb92ba8cf47f21f,2386.62797843275
2015-09-01,e7936c80b4667ed20eb92ba8cf47f21f,2389.31218006007
2015-10-01,e7936c80b4667ed20eb92ba8cf47f21f,2387.89789030676
2015-11-01,e7936c80b4667ed20eb92ba8cf47f21f,2386.20125841404
2015-12-01,e7936c80b4667ed20eb92ba8cf47f21f,2387.68380255097
2016-01-01,e7936c80b4667ed20eb92ba8cf47f21f,2384.60014565636
2016-02-01,e7936c80b4667ed20eb92ba8cf47f21f,2384.97704220096
2016-03-01,e7936c80b4667ed20eb92ba8cf47f21f,2385.55319843169
2016-04-01,e7936c80b4667ed20eb92ba8cf47f21f,2385.7463061243
2016-05-01,e7936c80b4667ed20eb92ba8cf47f21f,2387.47146888951
2016-06-01,e7936c80b4667ed20eb92ba8cf47f21f,2387.11962021912
2016-07-01,e7936c80b4667ed20eb92ba8cf47f21f,2386.48420046627
2016-08-01,e7936c80b4667ed20eb92ba8cf47f21f,2385.76643690848
2016-09-01,e7936c80b4667ed20eb92ba8cf47f21f,2387.75708809486
2016-10-01,e7936c80b4667ed20eb92ba8cf47f21f,2387.22118529896
2016-11-01,e7936c80b4667ed20eb92ba8cf47f21f,2383.86826555594
2016-12-01,e7936c80b4667ed20eb92ba8cf47f21f,2384.50950342756
2017-01-01,e7936c80b4667ed20eb92ba8cf47f21f,2385.54639768885
2017-02-01,e7936c80b4667ed20eb92ba8cf47f21f,2386.41633368439
2017-03-01,e7936c80b4667ed20eb92ba8cf47f21f,2386.41317129402
2017-04-01,e7936c80b4667ed20eb92ba8cf47f21f,2385.48986283213
2017-05-01,e7936c80b4667ed20eb92ba8cf47f21f,2386.76498954382
2017-06-01,e7936c80b4667ed20eb92ba8cf47f21f,2386.6702126384
2017-07-01,e7936c80b4667ed20eb92ba8cf47f21f,2384.71988802114
2017-08-01,e7936c80b4667ed20eb92ba8cf47f21f,2386.28304801079
2017-09-01,e7936c80b4667ed20eb92ba8cf47f21f,2385.47724042964
2017-10-01,e7936c80b4667ed20eb92ba8cf47f21f,2384.99413548198
2017-11-01,e7936c80b4667ed20eb92ba8cf47f21f,2386.00048235512
2017-12-01,e7936c80b4667ed20eb92ba8cf47f21f,2386.3249290126
2018-01-01,e7936c80b4667ed20eb92ba8cf47f21f,2385.53198441549
2018-02-01,e7936c80b4667ed20eb92ba8cf47f21f,2386.92792199493
2018-03-01,e7936c80b4667ed20eb92ba8cf47f21f,2385.21042574243
2018-04-01,e7936c80b4667ed20eb92ba8cf47f21f,2382.7733742944
2018-05-01,e7936c80b4667ed20eb92ba8cf47f21f,2385.33467945295
2018-06-01,e7936c80b4667ed20eb92ba8cf47f21f,2385.40154917704
2018-07-01,e7936c80b4667ed20eb92ba8cf47f21f,2384.57654693359
2018-08-01,e7936c80b4667ed20eb92ba8cf47f21f,2386.17308137751
2018-09-01,e7936c80b4667ed20eb92ba8cf47f21f,2385.72403417569
2018-10-01,e7936c80b4667ed20eb92ba8cf47f21f,2387.33359077419
2018-11-01,e7936c80b4667ed20eb92ba8cf47f21f,2386.05912688723
2018-12-01,e7936c80b4667ed20eb92ba8cf47f21f,2385.57123686678
2019-01-01,e7936c80b4667ed20eb92ba8cf47f21f,2386.2419649493
2019-02-01,e7936c80b4667ed20eb92ba8cf47f21f,2384.69262999978
2019-03-01,e7936c80b4667ed20eb92ba8cf47f21f,2385.05343801265
2019-04-01,e7936c80b4667ed20eb92ba8cf47f21f,2383.12805287973
2019-05-01,e7936c80b4667ed20eb92ba8cf47f21f,2382.60067147305
2019-06-01,e7936c80b4667ed20eb92ba8cf47f21f,2383.79922081427
2019-07-01,e7936c80b4667ed20eb92ba8cf47f21f,2385.39480341393
2019-08-01,e7936c80b4667ed20eb92ba8cf47f21f,2385.07340819485
2019-09-01,e7936c80b4667ed20eb92ba8cf47f21f,2385.60541626585
2019-10-01,e7936c80b4667ed20eb92ba8cf47f21f,2387.22126814164
2019-11-01,e7936c80b4667ed20eb92ba8cf47f21f,2387.67958104819
2019-12-01,e7936c80b4667ed20eb92ba8cf47f21f,2384.09335429559
2020-01-01,e7936c80b4667ed20eb92ba8cf47f21f,2384.66499982891
2020-02-01,e7936c80b4667ed20eb92ba8cf47f21f,2386.19054596013
2020-03-01,e7936c80b4667ed20eb92ba8cf47f21f,2385.60805900792
2020-04-01,e7936c80b4667ed20eb92ba8cf47f21f,2384.34288747436
2020-05-01,e7936c80b4667ed20eb92ba8cf47f21f,2383.21317525818
2020-06-01,e7936c80b4667ed20eb92ba8cf47f21f,2386.25040481227
2020-07-01,e7936c80b4667ed20eb92ba8cf47f21f,2384.61816430562
2020-08-01,e7936c80b4667ed20eb92ba8cf47f21f,2385.62599076687
2020-09-01,e7936c80b4667ed20eb92ba8cf47f21f,2384.01338901968
2020-10-01,e7936c80b4667ed20eb92ba8cf47f21f,2383.50738499852
2020-11-01,e7936c80b4667ed20eb92ba8cf47f21f,2385.90074494669
2020-12-01,e7936c80b4667ed20eb92ba8cf47f21f,2385.10132573915
2021-01-01,e7936c80b4667ed20eb92ba8cf47f21f,2387.58213083202
2021-02-01,e7936c80b4667ed20eb92ba8cf47f21f,2387.72951706791
2021-03-01,e7936c80b4667ed20eb92ba8cf47f21f,2387.04989146337
2021-04-01,e7936c80b4667ed20eb92ba8cf47f21f,2385.47402987741
2021-05-01,e7936c80b4667ed20eb92ba8cf47f21f,2385.65002550612
2021-06-01,e7936c80b4667ed20eb92ba8cf47f21f,2385.35990452048
2021-07-01,e7936c80b4667ed20eb92ba8cf47f21f,2386.6224781815
2021-08-01,e7936c80b4667ed20eb92ba8cf47f21f,2386.09249913564
2021-09-01,e7936c80b4667ed20eb92ba8cf47f21f,2384.9964441698
2021-10-01,e7936c80b4667ed20eb92ba8cf47f21f,2384.99446436685
2021-11-01,e7936c80b4667ed20eb92ba8cf47f21f,2385.68695000058
2021-12-01,e7936c80b4667ed20eb92ba8cf47f21f,2383.90595765799
2015-01-01,4f3e48d4050be1cd2f8747fa5ea866d0,1608.62982090243
2015-02-01,4f3e48d4050be1cd2f8747fa5ea866d0,1609.26087404158
2015-03-01,4f3e48d4050be1cd2f8747fa5ea866d0,1607.91757707676
2015-04-01,4f3e48d4050be1cd2f8747fa5ea866d0,1608.23362213241
2015-05-01,4f3e48d4050be1cd2f8747fa5ea866d0,1609.51648961775
2015-06-01,4f3e48d4050be1cd2f8747fa5ea866d0,1608.51713950664
2015-07-01,4f3e48d4050be1cd2f8747fa5ea866d0,1608.10508344623
2015-08-01,4f3e48d4050be1cd2f8747fa5ea866d0,1608.55223473171
2015-09-01,4f3e48d4050be1cd2f8747fa5ea866d0,1608.07287042
2015-10-01,4f3e48d4050be1cd2f8747fa5ea866d0,1607.62730041767
2015-11-01,4f3e48d4050be1cd2f8747fa5ea866d0,1605.89639200961
2015-12-01,4f3e48d4050be1cd2f8747fa5ea866d0,1608.74131557223
2016-01-01,4f3e48d4050be1cd2f8747fa5ea866d0,1608.13867924151
2016-02-01,4f3e48d4050be1cd2f8747fa5ea866d0,1608.61925645661
2016-03-01,4f3e48d4050be1cd2f8747fa5ea866d0,1608.27154439542
2016-04-01,4f3e48d4050be1cd2f8747fa5ea866d0,1608.13743756991
2016-05-01,4f3e48d4050be1cd2f8747fa5ea866d0,1607.20965751644
2016-06-01,4f3e48d4050be1cd2f8747fa5ea866d0,1606.29944456491
2016-07-01,4f3e48d4050be1cd2f8747fa5ea866d0,1607.11120898788
2016-08-01,4f3e48d4050be1cd2f8747fa5ea866d0,1607.23153017799
2016-09-01,4f3e48d4050be1cd2f8747fa5ea866d0,1606.77358146429
2016-10-01,4f3e48d4050be1cd2f8747fa5ea866d0,1607.1967799568
2016-11-01,4f3e48d4050be1cd2f8747fa5ea866d0,1606.81719251132
2016-12-01,4f3e48d4050be1cd2f8747fa5ea866d0,1609.092818888
2017-01-01,4f3e48d4050be1cd2f8747fa5ea866d0,1607.34465840656
2017-02-01,4f3e48d4050be1cd2f8747fa5ea866d0,1607.08315448164
2017-03-01,4f3e48d4050be1cd2f8747fa5ea866d0,1605.77549682516
2017-04-01,4f3e48d4050be1cd2f8747fa5ea866d0,1608.20902599839
2017-05-01,4f3e48d4050be1cd2f8747fa5ea866d0,1605.35812542043
2017-06-01,4f3e48d4050be1cd2f8747fa5ea866d0,1609.01869585888
2017-07-01,4f3e48d4050be1cd2f8747fa5ea866d0,1606.93146387925
2017-08-01,4f3e48d4050be1cd2f8747fa5ea866d0,1608.21495123226
2017-09-01,4f3e48d4050be1cd2f8747fa5ea866d0,1608.77776651209
2017-10-01,4f3e48d4050be1cd2f8747fa5ea866d0,1606.47809065395
2017-11-01,4f3e48d4050be1cd2f8747fa5ea866d0,1607.31628063222
2017-12-01,4f3e48d4050be1cd2f8747fa5ea866d0,1605.22834659847
2018-01-01,4f3e48d4050be1cd2f8747fa5ea866d0,1605.85471182114
2018-02-01,4f3e48d4050be1cd2f8747fa5ea866d0,1606.39120463267
2018-03-01,4f3e48d4050be1cd2f8747fa5ea866d0,1608.76380153528
2018-04-01,4f3e48d4050be1cd2f8747fa5ea866d0,1605.9282115005
2018-05-01,4f3e48d4050be1cd2f8747fa5ea866d0,1607.31940264939
2018-06-01,4f3e48d4050be1cd2f8747fa5ea866d0,1605.54634187276
2018-07-01,4f3e48d4050be1cd2f8747fa5ea866d0,1606.92253111116
2018-08-01,4f3e48d4050be1cd2f8747fa5ea866d0,1604.63909099632
2018-09-01,4f3e48d4050be1cd2f8747fa5ea866d0,1607.03871964384
2018-10-01,4f3e48d4050be1cd2f8747fa5ea866d0,1605.53674406654
2018-11-01,4f3e48d4050be1cd2f8747fa5ea866d0,1604.20946554915
2018-12-01,4f3e48d4050be1cd2f8747fa5ea866d0,1604.81185221398
2019-01-01,4f3e48d4050be1cd2f8747fa5ea866d0,1603.83836161802
2019-02-01,4f3e48d4050be1cd2f8747fa5ea866d0,1606.53581572379
2019-03-01,4f3e48d4050be1cd2f8747fa5ea866d0,1605.45633072658
2019-04-01,4f3e48d4050be1cd2f8747fa5ea866d0,1606.39940538025
2019-05-01,4f3e48d4050be1cd2f8747fa5ea866d0,1606.56289794157
2019-06-01,4f3e48d4050be1cd2f8747fa5ea866d0,1605.86753415915
2019-07-01,4f3e48d4050be1cd2f8747fa5ea866d0,1605.63229931283
2019-08-01,4f3e48d4050be1cd2f8747fa5ea866d0,1604.88879662853
2019-09-01,4f3e48d4050be1cd2f8747fa5ea866d0,1605.57256930838
2019-10-01,4f3e48d4050be1cd2f8747fa5ea866d0,1604.6567242793
2019-11-01,4f3e48d4050be1cd2f8747fa5ea866d0,1605.63638849255
2019-12-01,4f3e48d4050be1cd2f8747fa5ea866d0,1605.09775472724
2020-01-01,4f3e48d4050be1cd2f8747fa5ea866d0,1605.46899379422
2020-02-01,4f3e48d4050be1cd2f8747fa5ea866d0,1606.96879456737
2020-03-01,4f3e48d4050be1cd2f8747fa5ea866d0,1604.15698623327
2020-04-01,4f3e48d4050be1cd2f8747fa5ea866d0,1604.44215611604
2020-05-01,4f3e48d4050be1cd2f8747fa5ea866d0,1605.3589841557
2020-06-01,4f3e48d4050be1cd2f8747fa5ea866d0,1606.23361347593
2020-07-01,4f3e48d4050be1cd2f8747fa5ea866d0,1604.86589301679
2020-08-01,4f3e48d4050be1cd2f8747fa5ea866d0,1605.87148745154
2020-09-01,4f3e48d4050be1cd2f8747fa5ea866d0,1604.5069371172
2020-10-01,4f3e48d4050be1cd2f8747fa5ea866d0,1605.16458521318
2020-11-01,4f3e48d4050be1cd2f8747fa5ea866d0,1605.92703881961
2020-12-01,4f3e48d4050be1cd2f8747fa5ea866d0,1605.12343949753
2021-01-01,4f3e48d4050be1cd2f8747fa5ea866d0,1606.38179232441
2021-02-01,4f3e48d4050be1cd2f8747fa5ea866d0,1604.25539820754
2021-03-01,4f3e48d4050be1cd2f8747fa5ea866d0,1603.67990509219
2021-04-01,4f3e48d4050be1cd2f8747fa5ea866d0,1606.02535608255
2021-05-01,4f3e48d4050be1cd2f8747fa5ea866d0,1605.17763697745
2021-06-01,4f3e48d4050be1cd2f8747fa5ea866d0,1604.4100063509
2021-07-01,4f3e48d4050be1cd2f8747fa5ea866d0,1605.34059875518
2021-08-01,4f3e48d4050be1cd2f8747fa5ea866d0,1603.92100829604
2021-09-01,4f3e48d4050be1cd2f8747fa5ea866d0,1604.68085912171
2021-10-01,4f3e48d4050be1cd2f8747fa5ea866d0,1604.12711815175
2021-11-01,4f3e48d4050be1cd2f8747fa5ea866d0,1605.73578384863
2021-12-01,4f3e48d4050be1cd2f8747fa5ea866d0,1604.9146977915
2015-01-01,6a55b427fc1d7793865b864336908bc8,1010.76215342107
2015-02-01,6a55b427fc1d7793865b864336908bc8,1011.16339046702
2015-03-01,6a55b427fc1d7793865b864336908bc8,1008.26862416777
2015-04-01,6a55b427fc1d7793865b864336908bc8,1007.77664406321
2015-05-01,6a55b427fc1d7793865b864336908bc8,1008.58085160705
2015-06-01,6a55b427fc1d7793865b864336908bc8,1010.42589460527
2015-07-01,6a55b427fc1d7793865b864336908bc8,1008.26941147662
2015-08-01,6a55b427fc1d7793865b864336908bc8,1007.98044012742
2015-09-01,6a55b427fc1d7793865b864336908bc8,1010.44221455225
2015-10-01,6a55b427fc1d7793865b864336908bc8,1009.97008217373
2015-11-01,6a55b427fc1d7793865b864336908bc8,1009.55107090095
2015-12-01,6a55b427fc1d7793865b864336908bc8,1009.84369725512
2016-01-01,6a55b427fc1d7793865b864336908bc8,1010.37397610967
2016-02-01,6a55b427fc1d7793865b864336908bc8,1010.15374193987
2016-03-01,6a55b427fc1d7793865b864336908bc8,1008.90753341848
2016-04-01,6a55b427fc1d7793865b864336908bc8,1008.16156334656
2016-05-01,6a55b427fc1d7793865b864336908bc8,1008.55917643505
2016-06-01,6a55b427fc1d7793865b864336908bc8,1009.78241044945
2016-07-01,6a55b427fc1d7793865b864336908bc8,1009.06654633099
2016-08-01,6a55b427fc1d7793865b864336908bc8,1008.70673313617
2016-09-01,6a55b427fc1d7793865b864336908bc8,1008.03733374418
2016-10-01,6a55b427fc1d7793865b864336908bc8,1008.7388517629
2016-11-01,6a55b427fc1d7793865b864336908bc8,1009.55913142785
2016-12-01,6a55b427fc1d7793865b864336908bc8,1009.09174282637
2017-01-01,6a55b427fc1d7793865b864336908bc8,1008.36034107419
2017-02-01,6a55b427fc1d7793865b864336908bc8,1009.71602744179
2017-03-01,6a55b427fc1d7793865b864336908bc8,1007.59757298585
2017-04-01,6a55b427fc1d7793865b864336908bc8,1006.17877972674
2017-05-01,6a55b427fc1d7793865b864336908bc8,1007.44371165796
2017-06-01,6a55b427fc1d7793865b864336908bc8,1007.65063787678
2017-07-01,6a55b427fc1d7793865b864336908bc8,1007.92919527253
2017-08-01,6a55b427fc1d7793865b864336908bc8,1007.10748993381
2017-09-01,6a55b427fc1d7793865b864336908bc8,1007.58410017846
2017-10-01,6a55b427fc1d7793865b864336908bc8,1008.14972133402
2017-11-01,6a55b427fc1d7793865b864336908bc8,1006.91982286876
2017-12-01,6a55b427fc1d7793865b864336908bc8,1008.48480932731
2018-01-01,6a55b427fc1d7793865b864336908bc8,1007.44441965029
2018-02-01,6a55b427fc1d7793865b864336908bc8,1007.19360643143
2018-03-01,6a55b427fc1d7793865b864336908bc8,1005.85080378131
2018-04-01,6a55b427fc1d7793865b864336908bc8,1007.93406825452
2018-05-01,6a55b427fc1d7793865b864336908bc8,1008.45315085481
2018-06-01,6a55b427fc1d7793865b864336908bc8,1008.05459252818
2018-07-01,6a55b427fc1d7793865b864336908bc8,1007.69307271189
2018-08-01,6a55b427fc1d7793865b864336908bc8,1008.26836074611
2018-09-01,6a55b427fc1d7793865b864336908bc8,1006.82223267692
2018-10-01,6a55b427fc1d7793865b864336908bc8,1005.409921214
2018-11-01,6a55b427fc1d7793865b864336908bc8,1004.66509410499
2018-12-01,6a55b427fc1d7793865b864336908bc8,1005.50553256209
2019-01-01,6a55b427fc1d7793865b864336908bc8,1005.87403960984
2019-02-01,6a55b427fc1d7793865b864336908bc8,1004.74336276497
2019-03-01,6a55b427fc1d7793865b864336908bc8,1007.96536369313
2019-04-01,6a55b427fc1d7793865b864336908bc8,1005.46565014402
2019-05-01,6a55b427fc1d7793865b864336908bc8,1006.65199999506
2019-06-01,6a55b427fc1d7793865b864336908bc8,1006.31510533433
2019-07-01,6a55b427fc1d7793865b864336908bc8,1006.41481136841
2019-08-01,6a55b427fc1d7793865b864336908bc8,1006.56344545692
2019-09-01,6a55b427fc1d7793865b864336908bc8,1005.39473978981
2019-10-01,6a55b427fc1d7793865b864336908bc8,1006.74333186869
2019-11-01,6a55b427fc1d7793865b864336908bc8,1005.70966074116
2019-12-01,6a55b427fc1d7793865b864336908bc8,1005.07233243802
2020-01-01,6a55b427fc1d7793865b864336908bc8,1005.94878937401
2020-02-01,6a55b427fc1d7793865b864336908bc8,1005.63693978996
2020-03-01,6a55b427fc1d7793865b864336908bc8,1005.8427014749
2020-04-01,6a55b427fc1d7793865b864336908bc8,1004.08387921236
2020-05-01,6a55b427fc1d7793865b864336908bc8,1004.02840293763
2020-06-01,6a55b427fc1d7793865b864336908bc8,1004.71374668122
2020-07-01,6a55b427fc1d7793865b864336908bc8,1004.57887764133
2020-08-01,6a55b427fc1d7793865b864336908bc8,1004.20660064884
2020-09-01,6a55b427fc1d7793865b864336908bc8,1004.58984774165
2020-10-01,6a55b427fc1d7793865b864336908bc8,1004.17325780578
2020-11-01,6a55b427fc1d7793865b864336908bc8,1004.8580697038
2020-12-01,6a55b427fc1d7793865b864336908bc8,1006.25549083701
2021-01-01,6a55b427fc1d7793865b864336908bc8,1003.46278518675
2021-02-01,6a55b427fc1d7793865b864336908bc8,1004.57606915522
2021-03-01,6a55b427fc1d7793865b864336908bc8,1005.34225443415
2021-04-01,6a55b427fc1d7793865b864336908bc8,1004.50643664956
2021-05-01,6a55b427fc1d7793865b864336908bc8,1002.41694549892
2021-06-01,6a55b427fc1d7793865b864336908bc8,1004.80447208414
2021-07-01,6a55b427fc1d7793865b864336908bc8,1006.25087021719
2021-08-01,6a55b427fc1d7793865b864336908bc8,1006.66332444525
2021-09-01,6a55b427fc1d7793865b864336908bc8,1004.52316033672
2021-10-01,6a55b427fc1d7793865b864336908bc8,1004.25842599333
2021-11-01,6a55b427fc1d7793865b864336908bc8,1004.81464529021
2021-12-01,6a55b427fc1d7793865b864336908bc8,1004.52061776554
2015-01-01,aaa1d987f8e9443da3f8c105bf7113bc,1034.11834683555
2015-02-01,aaa1d987f8e9443da3f8c105bf7113bc,1035.63963928268
2015-03-01,aaa1d987f8e9443da3f8c105bf7113bc,1036.6755988743
2015-04-01,aaa1d987f8e9443da3f8c105bf7113bc,1037.04442146853
2015-05-01,aaa1d987f8e9443da3f8c105bf7113bc,1037.98785440967
2015-06-01,aaa1d987f8e9443da3f8c105bf7113bc,1036.93848063433
2015-07-01,aaa1d987f8e9443da3f8c105bf7113bc,1036.93521743041
2015-08-01,aaa1d987f8e9443da3f8c105bf7113bc,1036.81545393412
2015-09-01,aaa1d987f8e9443da3f8c105bf7113bc,1038.00318730329
2015-10-01,aaa1d987f8e9443da3f8c105bf7113bc,1038.92716888089
2015-11-01,aaa1d987f8e9443da3f8c105bf7113bc,1037.23972378045
2015-12-01,aaa1d987f8e9443da3f8c105bf7113bc,1038.25637713097
2016-01-01,aaa1d987f8e9443da3f8c105bf7113bc,1037.49225018113
2016-02-01,aaa1d987f8e9443da3f8c105bf7113bc,1035.65714225192
2016-03-01,aaa1d987f8e9443da3f8c105bf7113bc,1036.49348094109
2016-04-01,aaa1d987f8e9443da3f8c105bf7113bc,1037.77891895262
2016-05-01,aaa1d987f8e9443da3f8c105bf7113bc,1036.88543685321
2016-06-01,aaa1d987f8e9443da3f8c105bf7113bc,1038.41903358801
2016-07-01,aaa1d987f8e9443da3f8c105bf7113bc,1038.24487034977
2016-08-01,aaa1d987f8e9443da3f8c105bf7113bc,1037.59753563732
2016-09-01,aaa1d987f8e9443da3f8c105bf7113bc,1037.83618255974
2016-10-01,aaa1d987f8e9443da3f8c105bf7113bc,1038.21769411311
2016-11-01,aaa1d987f8e9443da3f8c105bf7113bc,1037.61939847975
2016-12-01,aaa1d987f8e9443da3f8c105bf7113bc,1039.18838167522
2017-01-01,aaa1d987f8e9443da3f8c105bf7113bc,1038.74689321785
2017-02-01,aaa1d987f8e9443da3f8c105bf7113bc,1038.74984448175
2017-03-01,aaa1d987f8e9443da3f8c105bf7113bc,1039.77283554844
2017-04-01,aaa1d987f8e9443da3f8c105bf7113bc,1037.75701539924
2017-05-01,aaa1d987f8e9443da3f8c105bf7113bc,1039.31618453252
2017-06-01,aaa1d987f8e9443da3f8c105bf7113bc,1037.80177728449
2017-07-01,aaa1d987f8e9443da3f8c105bf7113bc,1037.91002893051
2017-08-01,aaa1d987f8e9443da3f8c105bf7113bc,1040.1083278459
2017-09-01,aaa1d987f8e9443da3f8c105bf7113bc,1039.99296740728
2017-10-01,aaa1d987f8e9443da3f8c105bf7113bc,1038.4846638003
2017-11-01,aaa1d987f8e9443da3f8c105bf7113bc,1038.87109762961
2017-12-01,aaa1d987f8e9443da3f8c105bf7113bc,1040.28665941328
2018-01-01,aaa1d987f8e9443da3f8c105bf7113bc,1039.69303959495
2018-02-01,aaa1d987f8e9443da3f8c105bf7113bc,1038.56961454844
2018-03-01,aaa1d987f8e9443da3f8c105bf7113bc,1039.90035188099
2018-04-01,aaa1d987f8e9443da3f8c105bf7113bc,1038.8007003591
2018-05-01,aaa1d987f8e9443da3f8c105bf7113bc,1039.77533536614
2018-06-01,aaa1d987f8e9443da3f8c105bf7113bc,1041.24045071625
2018-07-01,aaa1d987f8e9443da3f8c105bf7113bc,1040.63971246694
2018-08-01,aaa1d987f8e9443da3f8c105bf7113bc,1039.38281954057
2018-09-01,aaa1d987f8e9443da3f8c105bf7113bc,1039.80679156405
2018-10-01,aaa1d987f8e9443da3f8c105bf7113bc,1038.93305384079
2018-11-01,aaa1d987f8e9443da3f8c105bf7113bc,1039.38907443348
2018-12-01,aaa1d987f8e9443da3f8c105bf7113bc,1039.06478186452
2019-01-01,aaa1d987f8e9443da3f8c105bf7113bc,1040.21203155236
2019-02-01,aaa1d987f8e9443da3f8c105bf7113bc,1040.52282620902
2019-03-01,aaa1d987f8e9443da3f8c105bf7113bc,1040.29383247989
2019-04-01,aaa1d987f8e9443da3f8c105bf7113bc,1039.59454368644
2019-05-01,aaa1d987f8e9443da3f8c105bf7113bc,1039.76909109401
2019-06-01,aaa1d987f8e9443da3f8c105bf7113bc,1042.21228060565
2019-07-01,aaa1d987f8e9443da3f8c105bf7113bc,1040.71286871857
2019-08-01,aaa1d987f8e9443da3f8c105bf7113bc,1040.3807226167
2019-09-01,aaa1d987f8e9443da3f8c105bf7113bc,1040.75625171803
2019-10-01,aaa1d987f8e9443da3f8c105bf7113bc,1041.27796701619
2019-11-01,aaa1d987f8e9443da3f8c105bf7113bc,1042.20220116865
2019-12-01,aaa1d987f8e9443da3f8c105bf7113bc,1040.61748752749
2020-01-01,aaa1d987f8e9443da3f8c105bf7113bc,1039.5924216978
2020-02-01,aaa1d987f8e9443da3f8c105bf7113bc,1041.79170546615
2020-03-01,aaa1d987f8e9443da3f8c105bf7113bc,1039.50246480319
2020-04-01,aaa1d987f8e9443da3f8c105bf7113bc,1040.63289387631
2020-05-01,aaa1d987f8e9443da3f8c105bf7113bc,1041.97997762149
2020-06-01,aaa1d987f8e9443da3f8c105bf7113bc,1040.20491045784
2020-07-01,aaa1d987f8e9443da3f8c105bf7113bc,1040.25953249155
2020-08-01,aaa1d987f8e9443da3f8c105bf7113bc,1040.7041598308
2020-09-01,aaa1d987f8e9443da3f8c105bf7113bc,1041.32766171158
2020-10-01,aaa1d987f8e9443da3f8c105bf7113bc,1040.98204747415
2020-11-01,aaa1d987f8e9443da3f8c105bf7113bc,1042.00675045496
2020-12-01,aaa1d987f8e9443da3f8c105bf7113bc,1043.41230290172
2021-01-01,aaa1d987f8e9443da3f8c105bf7113bc,1043.58032703351
2021-02-01,aaa1d987f8e9443da3f8c105bf7113bc,1042.33633686161
2021-03-01,aaa1d987f8e9443da3f8c105bf7113bc,1043.4081477327
2021-04-01,aaa1d987f8e9443da3f8c105bf7113bc,1042.9868331615
2021-05-01,aaa1d987f8e9443da3f8c105bf7113bc,1042.18715242216
2021-06-01,aaa1d987f8e9443da3f8c105bf7113bc,1042.62862612769
2021-07-01,aaa1d987f8e9443da3f8c105bf7113bc,1042.03402911436
2021-08-01,aaa1d987f8e9443da3f8c105bf7113bc,1042.14163199568
2021-09-01,aaa1d987f8e9443da3f8c105bf7113bc,1042.12707321981
2021-10-01,aaa1d987f8e9443da3f8c105bf7113bc,1042.33248791117
2021-11-01,aaa1d987f8e9443da3f8c105bf7113bc,1043.22630304028
2021-12-01,aaa1d987f8e9443da3f8c105bf7113bc,1044.32707692387
2015-01-01,768a52d63789c009bb2ef8aed967db24,1271.54684754012
2015-02-01,768a52d63789c009bb2ef8aed967db24,1271.83456859832
2015-03-01,768a52d63789c009bb2ef8aed967db24,1272.67027673899
2015-04-01,768a52d63789c009bb2ef8aed967db24,1273.72230614691
2015-05-01,768a52d63789c009bb2ef8aed967db24,1272.91512618806
2015-06-01,768a52d63789c009bb2ef8aed967db24,1271.33913417974
2015-07-01,768a52d63789c009bb2ef8aed967db24,1271.64535886997
2015-08-01,768a52d63789c009bb2ef8aed967db24,1272.82814149338
2015-09-01,768a52d63789c009bb2ef8aed967db24,1271.80319478958
2015-10-01,768a52d63789c009bb2ef8aed967db24,1269.35814552126
2015-11-01,768a52d63789c009bb2ef8aed967db24,1271.13584370863
2015-12-01,768a52d63789c009bb2ef8aed967db24,1272.39792077448
2016-01-01,768a52d63789c009bb2ef8aed967db24,1271.6880568376
2016-02-01,768a52d63789c009bb2ef8aed967db24,1272.92657860328
2016-03-01,768a52d63789c009bb2ef8aed967db24,1272.61278706553
2016-04-01,768a52d63789c009bb2ef8aed967db24,1271.25886543509
2016-05-01,768a52d63789c009bb2ef8aed967db24,1270.86676491715
2016-06-01,768a52d63789c009bb2ef8aed967db24,1272.48629201022
2016-07-01,768a52d63789c009bb2ef8aed967db24,1272.96606675758
2016-08-01,768a52d63789c009bb2ef8aed967db24,1271.04596080362
2016-09-01,768a52d63789c009bb2ef8aed967db24,1271.01707116171
2016-10-01,768a52d63789c009bb2ef8aed967db24,1271.56401303266
2016-11-01,768a52d63789c009bb2ef8aed967db24,1271.9419982899
2016-12-01,768a52d63789c009bb2ef8aed967db24,1274.26476859012
2017-01-01,768a52d63789c009bb2ef8aed967db24,1274.04616633607
2017-02-01,768a52d63789c009bb2ef8aed967db24,1271.91645462279
2017-03-01,768a52d63789c009bb2ef8aed967db24,1271.66226082007
2017-04-01,768a52d63789c009bb2ef8aed967db24,1271.81437166379
2017-05-01,768a52d63789c009bb2ef8aed967db24,1270.81345187446
2017-06-01,768a52d63789c009bb2ef8aed967db24,1269.7194286518
2017-07-01,768a52d63789c009bb2ef8aed967db24,1270.15493561162
2017-08-01,768a52d63789c009bb2ef8aed967db24,1271.44271606415
2017-09-01,768a52d63789c009bb2ef8aed967db24,1272.57039136347
2017-10-01,768a52d63789c009bb2ef8aed967db24,1270.98073588703
2017-11-01,768a52d63789c009bb2ef8aed967db24,1271.0657196754
2017-12-01,768a52d63789c009bb2ef8aed967db24,1273.09007345425
2018-01-01,768a52d63789c009bb2ef8aed967db24,1271.93702295364
2018-02-01,768a52d63789c009bb2ef8aed967db24,1271.43586211306
2018-03-01,768a52d63789c009bb2ef8aed967db24,1270.92499885322
2018-04-01,768a52d63789c009bb2ef8aed967db24,1270.18707111927
2018-05-01,768a52d63789c009bb2ef8aed967db24,1269.58120826389
2018-06-01,768a52d63789c009bb2ef8aed967db24,1268.21148313965
2018-07-01,768a52d63789c009bb2ef8aed967db24,1268.73140047971
2018-08-01,768a52d63789c009bb2ef8aed967db24,1271.44339170663
2018-09-01,768a52d63789c009bb2ef8aed967db24,1272.25222212421
2018-10-01,768a52d63789c009bb2ef8aed967db24,1271.36549176695
2018-11-01,768a52d63789c009bb2ef8aed967db24,1271.68702096585
2018-12-01,768a52d63789c009bb2ef8aed967db24,1271.33146554924
2019-01-01,768a52d63789c009bb2ef8aed967db24,1271.06145949058
2019-02-01,768a52d63789c009bb2ef8aed967db24,1272.35351673358
2019-03-01,768a52d63789c009bb2ef8aed967db24,1273.09995534415
2019-04-01,768a52d63789c009bb2ef8aed967db24,1271.79893179391
2019-05-01,768a52d63789c009bb2ef8aed967db24,1270.13186146374
2019-06-01,768a52d63789c009bb2ef8aed967db24,1270.54333690833
2019-07-01,768a52d63789c009bb2ef8aed967db24,1269.79862323022
2019-08-01,768a52d63789c009bb2ef8aed967db24,1269.77215296752
2019-09-01,768a52d63789c009bb2ef8aed967db24,1269.89695596549
2019-10-01,768a52d63789c009bb2ef8aed967db24,1270.08530279297
2019-11-01,768a52d63789c009bb2ef8aed967db24,1268.97124315605
2019-12-01,768a52d63789c009bb2ef8aed967db24,1268.54958547721
2020-01-01,768a52d63789c009bb2ef8aed967db24,1270.78401506526
2020-02-01,768a52d63789c009bb2ef8aed967db24,1271.7950021488
2020-03-01,768a52d63789c009bb2ef8aed967db24,1270.59516372388
2020-04-01,768a52d63789c009bb2ef8aed967db24,1270.14261809201
2020-05-01,768a52d63789c009bb2ef8aed967db24,1271.5029970974
2020-06-01,768a52d63789c009bb2ef8aed967db24,1270.63541626304
2020-07-01,768a52d63789c009bb2ef8aed967db24,1269.23643175256
2020-08-01,768a52d63789c009bb2ef8aed967db24,1270.91180151288
2020-09-01,768a52d63789c009bb2ef8aed967db24,1270.56204732011
2020-10-01,768a52d63789c009bb2ef8aed967db24,1270.73254002098
2020-11-01,768a52d63789c009bb2ef8aed967db24,1271.93620237834
2020-12-01,768a52d63789c009bb2ef8aed967db24,1269.92100478446
2021-01-01,768a52d63789c009bb2ef8aed967db24,1267.31844289229
2021-02-01,768a52d63789c009bb2ef8aed967db24,1267.6702723356
2021-03-01,768a52d63789c009bb2ef8aed967db24,1268.1941204861
2021-04-01,768a52d63789c009bb2ef8aed967db24,1267.90941798346
2021-05-01,768a52d63789c009bb2ef8aed967db24,1267.63148983849
2021-06-01,768a52d63789c009bb2ef8aed967db24,1267.75804367413
2021-07-01,768a52d63789c009bb2ef8aed967db24,1267.86043069709
2021-08-01,768a52d63789c009bb2ef8aed967db24,1268.72658655253
2021-09-01,768a52d63789c009bb2ef8aed967db24,1270.40098834372
2021-10-01,768a52d63789c009bb2ef8aed967db24,1266.87105950734
2021-11-01,768a52d63789c009bb2ef8aed967db24,1266.08526339959
2021-12-01,768a52d63789c009bb2ef8aed967db24,1268.07515687313
2015-01-01,0a33f0cedcd6f31582616dad678a913c,1338.2050882095
2015-02-01,0a33f0cedcd6f31582616dad678a913c,1334.58997503627
2015-03-01,0a33f0cedcd6f31582616dad678a913c,1334.91306147821
2015-04-01,0a33f0cedcd6f31582616dad678a913c,1336.36647656814
2015-05-01,0a33f0cedcd6f31582616dad678a913c,1336.78903633713
2015-06-01,0a33f0cedcd6f31582616dad678a913c,1335.87016284052
2015-07-01,0a33f0cedcd6f31582616dad678a913c,1333.78238833694
2015-08-01,0a33f0cedcd6f31582616dad678a913c,1336.34549061059
2015-09-01,0a33f0cedcd6f31582616dad678a913c,1337.35641907745
2015-10-01,0a33f0cedcd6f31582616dad678a913c,1335.99908732168
2015-11-01,0a33f0cedcd6f31582616dad678a913c,1334.83816412593
2015-12-01,0a33f0cedcd6f31582616dad678a913c,1336.33474986066
2016-01-01,0a33f0cedcd6f31582616dad678a913c,1336.83891431954
2016-02-01,0a33f0cedcd6f31582616dad678a913c,1335.18324178731
2016-03-01,0a33f0cedcd6f31582616dad678a913c,1335.61413286354
2016-04-01,0a33f0cedcd6f31582616dad678a913c,1336.10853895594
2016-05-01,0a33f0cedcd6f31582616dad678a913c,1335.08086590913
2016-06-01,0a33f0cedcd6f31582616dad678a913c,1334.77872086178
2016-07-01,0a33f0cedcd6f31582616dad678a913c,1336.43726379172
2016-08-01,0a33f0cedcd6f31582616dad678a913c,1335.69365738566
2016-09-01,0a33f0cedcd6f31582616dad678a913c,1334.40341593823
2016-10-01,0a33f0cedcd6f31582616dad678a913c,1334.0605886853
2016-11-01,0a33f0cedcd6f31582616dad678a913c,1333.17876040738
2016-12-01,0a33f0cedcd6f31582616dad678a913c,1333.81469704285
2017-01-01,0a33f0cedcd6f31582616dad678a913c,1336.37543372913
2017-02-01,0a33f0cedcd6f31582616dad678a913c,1335.66824926076
2017-03-01,0a33f0cedcd6f31582616dad678a913c,1335.49337014166
2017-04-01,0a33f0cedcd6f31582616dad678a913c,1334.85691448649
2017-05-01,0a33f0cedcd6f31582616dad678a913c,1334.09962788293
2017-06-01,0a33f0cedcd6f31582616dad678a913c,1336.92261014242
2017-07-01,0a33f0cedcd6f31582616dad678a913c,1336.69789574469
2017-08-01,0a33f0cedcd6f31582616dad678a913c,1335.5552370472
2017-09-01,0a33f0cedcd6f31582616dad678a913c,1337.02094656023
2017-10-01,0a33f0cedcd6f31582616dad678a913c,1336.29896446571
2017-11-01,0a33f0cedcd6f31582616dad678a913c,1336.97499961115
2017-12-01,0a33f0cedcd6f31582616dad678a913c,1336.001114367
2018-01-01,0a33f0cedcd6f31582616dad678a913c,1337.65167569117
2018-02-01,0a33f0cedcd6f31582616dad678a913c,1336.82811395854
2018-03-01,0a33f0cedcd6f31582616dad678a913c,1335.20630096504
2018-04-01,0a33f0cedcd6f31582616dad678a913c,1336.99207107714
2018-05-01,0a33f0cedcd6f31582616dad678a913c,1333.22540602205
2018-06-01,0a33f0cedcd6f31582616dad678a913c,1335.40491084226
2018-07-01,0a33f0cedcd6f31582616dad678a913c,1335.58034118978
2018-08-01,0a33f0cedcd6f31582616dad678a913c,1335.659075369
2018-09-01,0a33f0cedcd6f31582616dad678a913c,1334.85546363342
2018-10-01,0a33f0cedcd6f31582616dad678a913c,1336.69584859885
2018-11-01,0a33f0cedcd6f31582616dad678a913c,1336.72113518785
2018-12-01,0a33f0cedcd6f31582616dad678a913c,1335.06271725772
2019-01-01,0a33f0cedcd6f31582616dad678a913c,1335.47843653598
2019-02-01,0a33f0cedcd6f31582616dad678a913c,1335.58887912064
2019-03-01,0a33f0cedcd6f31582616dad678a913c,1334.77534389315
2019-04-01,0a33f0cedcd6f31582616dad678a913c,1333.46774430458
2019-05-01,0a33f0cedcd6f31582616dad678a913c,1335.94635722414
2019-06-01,0a33f0cedcd6f31582616dad678a913c,1335.58460749573
2019-07-01,0a33f0cedcd6f31582616dad678a913c,1337.03065707866
2019-08-01,0a33f0cedcd6f31582616dad678a913c,1336.17544493618
2019-09-01,0a33f0cedcd6f31582616dad678a913c,1335.97960595098
2019-10-01,0a33f0cedcd6f31582616dad678a913c,1335.22456236348
2019-11-01,0a33f0cedcd6f31582616dad678a913c,1335.90117748503
2019-12-01,0a33f0cedcd6f31582616dad678a913c,1336.60636091102
2020-01-01,0a33f0cedcd6f31582616dad678a913c,1335.97512292383
2020-02-01,0a33f0cedcd6f31582616dad678a913c,1336.5716581631
2020-03-01,0a33f0cedcd6f31582616dad678a913c,1334.86418813497
2020-04-01,0a33f0cedcd6f31582616dad678a913c,1334.53704973872
2020-05-01,0a33f0cedcd6f31582616dad678a913c,1335.45325509856
2020-06-01,0a33f0cedcd6f31582616dad678a913c,1335.12506697839
2020-07-01,0a33f0cedcd6f31582616dad678a913c,1333.40760020518
2020-08-01,0a33f0cedcd6f31582616dad678a913c,1333.46231035735
2020-09-01,0a33f0cedcd6f31582616dad678a913c,1336.59746098233
2020-10-01,0a33f0cedcd6f31582616dad678a913c,1335.8099565407
2020-11-01,0a33f0cedcd6f31582616dad678a913c,1336.07390696107
2020-12-01,0a33f0cedcd6f31582616dad678a913c,1336.18705357546
2021-01-01,0a33f0cedcd6f31582616dad678a913c,1336.88368204552
2021-02-01,0a33f0cedcd6f31582616dad678a913c,1336.14959057285
2021-03-01,0a33f0cedcd6f31582616dad678a913c,1336.0274408251
2021-04-01,0a33f0cedcd6f31582616dad678a913c,1336.05263069019
2021-05-01,0a33f0cedcd6f31582616dad678a913c,1335.72839555554
2021-06-01,0a33f0cedcd6f31582616dad678a913c,1334.926658087
2021-07-01,0a33f0cedcd6f31582616dad678a913c,1334.82792523801
2021-08-01,0a33f0cedcd6f31582616dad678a913c,1335.99747775416
2021-09-01,0a33f0cedcd6f31582616dad678a913c,1336.39756415845
2021-10-01,0a33f0cedcd6f31582616dad678a913c,1335.59281518825
2021-11-01,0a33f0cedcd6f31582616dad678a913c,1334.70529358333
2021-12-01,0a33f0cedcd6f31582616dad678a913c,1335.39905001821
