id,median_house_value
5215,298.18981490089334
5408,280.48378309989187
4797,490.64823039142425
7508,364.4108747574825
18697,412.4065046389727
2562,297.7657036958482
10081,537.259416877451
14734,585.6642559010234
10275,724.0466812221046
20040,278.3065113284206
10736,213.74987520420248
12231,995.23969851935
12751,514.5660088730938
7224,513.8872587012115
19056,226.50971302117586
16616,305.63839604978244
12129,2140.36504076639
17328,564.0363416474115
14933,675.8658086650634
8156,319.70687666278315
5000,351.96528039990034
13135,237.63219399531954
6748,534.8660809764243
5079,228.8892183332395
4833,570.4086175167238
548,400.489158384848
16037,320.05054825144475
15827,644.4965931362591
12063,466.42588489017623
5574,267.0763854102031
3929,161.4654024950766
1459,388.68553518211155
10719,379.8701853469397
14354,159.53180698823567
18298,200.20618023228727
10301,261.7533893134823
6170,224.61529562218257
14110,523.1839587716336
10033,425.2183899454035
8049,313.606422267855
11227,248.2133051932647
16132,923.5152112894172
9505,297.73301646916985
1031,716.1084956692439
7587,556.5996275837064
11481,886.9402081019692
8414,649.5957948823776
1445,373.8004955816398
12100,581.4183987895979
11866,188.21848552907156
18512,295.00680371092335
6864,594.9711876079682
12886,699.8316652614465
16531,577.3255345409286
19227,680.9770921798729
8080,325.2678427339205
15341,1220.0704680785495
14534,466.1119348665587
19643,101.59933281773215
4226,600.6818468648917
11469,709.9812162707881
14988,320.04757055198246
13055,463.8153208579014
16921,539.1192876638195
10680,275.9300839538327
7075,449.9915474807172
15656,633.4480133048452
960,468.8976330508751
20100,353.91647887032514
1357,360.55446490959105
5615,463.90494345623745
8746,908.5397359790984
19719,665.9193711052644
12921,240.9177312476382
5081,412.752896604807
2689,433.01428724057047
8009,376.16768406332466
18066,198.52330792581188
9638,353.07977451960903
15404,322.616036774549
18963,1330.5535512516117
17590,682.9295381481841
14910,604.6831393238131
20110,54.50592197163158
2710,336.519642938646
529,294.0041627466517
1486,525.69918187753035
18954,281.156101428406
20498,404.82898653728944
3368,134.69829993066173
17805,504.55195412786554
15217,775.1206218244062
11622,785.1497428284305
2125,291.71369781605074
9230,106.61253135170551
5973,1381.3785089393266
5734,843.0326921946722
8962,126.6737717919948
9997,760.4869617168795
2881,381.9287203433295
3692,402.3552280888655
993,64.52934987460918
17717,287.3647073588653
15738,1275.491079845944
20584,69.7151341389226
10491,54.41427249795561
9012,342.51090211906114
15148,444.0756514358293
3480,184.88662922697137
507,377.85577083486464
557,940.0296001265715
17326,222.8168505916357
3370,447.3469439642163
5329,1062.1443804074872
16325,396.986418277594
3984,234.8147185354017
10154,537.6835182362067
12350,465.49747684311427
6847,683.7872784415574
7775,389.1144544987773
18825,748.7525578406857
11300,765.5470096468334
20376,493.70529824570974
15964,569.9876692113494
1340,727.9000327695295
12500,147.62813014295187
20177,517.9347581501
4923,473.6277110346734
11359,1155.5007203657933
13393,489.21373548186114
7373,746.4778231380976
18225,350.4662268214015
6331,993.3003451725353
18181,650.1442939391662
13756,497.4391049102694
13646,112.20301244050229
3281,554.9698507019737
16384,1078.0079547405962
1972,290.2135637476874
300,359.9412092265453
17918,440.2400504664591
19700,455.32409570358107
6137,227.47467794115687
15412,105.66194012399981
5291,188.6875609583277
17169,127.40174107851004
98,89.6761834338277
11363,837.3882234690099
16009,609.7577534245177
8389,1470.6825017484434
14046,419.16976266155234
15859,27.39731454872755
4712,707.8587324568969
9622,178.88041041804564
19426,496.25816475831687
11175,446.5965149698128
18886,814.8158032128165
13070,117.38066636213982
20194,672.687734875972
3329,112.24761624290417
15555,450.21200603461284
3842,828.3586142910749
11397,592.8502632408379
12422,1233.1054316522336
17478,237.88702709522897
8254,776.6988479125317
3858,375.1393517678606
20133,725.0290467590185
2573,335.85173230664014
10163,475.5420232433784
5526,1450.8515935954688
12964,764.1087176944822
12811,319.64102822811833
9609,1089.5377809273411
7270,264.9039594965474
5025,264.8903858315031
15564,363.22773395341187
1758,307.402001408415
17149,497.82907567379
775,599.6496426760784
20412,412.25593159980593
8400,286.67097797703315
5589,666.8385532881334
14030,630.0464024099847
2962,1873.2811153946454
1893,96.82628543374133
2791,525.6079983601797
17158,125.39425258694821
7028,221.926991938833
12008,282.9206303530842
9144,310.86840617246963
6865,339.4648004703174
2847,641.1382483646726
18913,1201.8837389919995
1304,506.8368962308631
5307,1366.3806953739909
6726,307.8755619527632
261,416.56261414099384
11572,356.21335020127196
2166,574.6425975917884
713,133.03470533233613
8498,369.2886570139491
1439,404.69382402316734
17585,374.50543302759644
15610,632.1728324027058
3143,250.72979155423795
13098,369.09005406695076
742,631.5966394866379
8842,1923.3060985790557
6937,347.8589186485442
2773,65.15634484146845
14029,474.19494519955754
12528,206.97488240766015
2272,379.28426219419094
10346,639.4475197303129
9419,26.874351266678772
20196,1068.529163924804
7934,553.5773654019333
17879,847.7782800617865
17171,216.26163295879016
16376,748.854699162111
15833,424.49758583693546
5439,457.6292051588284
10381,663.6744035291235
1101,495.240224449073
15466,818.4100480682127
4594,589.2221276395944
12529,394.9883834398986
10505,353.0957931303509
6692,141.53076363667634
8000,400.9661521242965
3884,284.5535701900576
5146,345.189518099625
10759,647.2266202716246
16778,349.4235995084724
10637,327.7822494135675
1873,288.43778387664406
1801,475.208762099176
2459,192.9639343655255
18346,482.62356092567137
14902,1185.3061209521666
10705,568.2398140942232
10034,117.40244602270691
10778,266.14346811682316
17313,483.4449429515283
13322,362.58791890759414
17739,300.23817844990066
2106,562.3035678488727
4233,1662.082676545547
12029,492.5300434351657
16427,293.0752554357165
13099,3314.3150899240622
3362,629.0621621338497
153,402.2418767496905
13833,603.5630237711982
4751,782.3692090042415
13046,1466.336034939197
18777,484.5245442168521
13860,257.6018527502542
7077,393.5537534350642
5530,282.2367009498794
637,485.4800865159752
16559,143.12352951721806
13592,604.1889942921696
16455,637.9597845655862
18872,730.3014435280834
10949,1878.0788240958411
4440,399.08136635668126
11875,259.1003056262097
20257,300.4257925323848
17646,708.9765415293941
15416,255.9378641572271
12028,324.6853853864214
4148,578.0406198399833
3255,407.62644062671745
14687,268.19905144303186
12994,473.12074983132163
8030,244.2475716164572
13436,354.65370505404184
14197,637.4741707449635
13051,819.2863002853646
14483,197.34857803193796
14640,329.82990704642975
19653,939.5692184221411
17490,503.2683993924645
12853,277.2128301275095
2523,192.08891009225172
3288,40.6300420116188
421,488.04773262036105
2232,918.6953797297442
7268,806.4598821931875
3447,906.4829848981517
15056,706.4522819046764
5561,303.6956777501292
5328,865.4852912567832
16741,329.83525096120945
1362,246.2338946600768
641,892.6678669963406
5760,984.885805020818
13053,452.2323194202643
19613,367.89936115237106
17060,376.45767341126617
8885,235.24994789421902
1197,204.09712746091185
17509,267.8461441438877
13422,1125.171629394507
1910,398.4132236293812
11130,430.98899630027984
10721,599.5438641246209
1881,268.6020874869714
1491,293.0300870716865
4573,568.8138307273125
6573,296.31081797812135
11612,549.7102473126184
512,338.524157931479
4332,473.2227061685655
8029,204.95156034510777
19404,71.46919622681969
3016,687.6039138402485
819,458.9080561939247
13715,14.090260113110624
4602,205.38705277665787
3233,331.06897346512187
17321,421.3174313756358
20109,50.02439992108492
14396,262.4273109344488
18064,390.42544216294596
18564,416.36449028391814
8172,366.3042129784076
13007,261.66081402665213
387,238.610752217354
8358,335.7210134420532
2998,495.0436078471699
3363,285.6053906521431
12562,428.7440322274738
14090,473.48278184947196
5845,1763.8190767910673
8288,752.7312594044058
7688,730.1828420087302
18134,845.9796647022264
2477,458.9249843236893
20215,296.69672875914716
20029,353.0928745242596
15269,270.82255184295195
17272,688.1598555376409
8474,164.6506457959748
12451,148.39377640906983
11855,606.0445906341076
18542,265.62508390049516
9094,116.10895594806306
7612,327.5930358354491
854,839.1846555107826
18286,338.2485482422833
13113,439.9211321975505
18993,423.6127994916865
6559,686.566468703149
246,420.1128817653556
17434,265.5262909168624
17258,452.1546565459447
13855,902.5310044917236
1309,450.4820278363638
5806,270.96465690963225
49,168.39199400546897
15813,718.2730514240193
11527,321.63528020307484
18097,398.16268190986216
16128,418.61398543159004
11953,229.17603306459654
8165,300.6451048172895
16442,502.53185504923687
18387,372.6514147785466
2672,93.48355401522197
8830,250.02835236322306
10248,597.8613132093944
16767,463.88271715543976
2999,568.400202437153
8690,391.56615539202346
7604,360.4881731775734
3041,261.2720074589647
16537,836.9027650224964
14594,378.73399543308966
17873,590.5088271099106
691,534.6770439591339
1547,167.0699118092437
7515,224.1394560718204
1493,590.8793953702402
3315,159.87769624243182
11345,540.1874516312307
20136,248.2305152579163
15796,1115.374739653132
3174,289.301714232259
20234,697.3436524862593
18839,709.1380971456902
15229,1547.4104412249956
6472,228.9843495298124
11112,455.37339098057134
5655,97.1432801147177
15762,459.9088092579467
16717,504.7138568437774
17125,305.690496184769
20604,937.3672511680613
7371,69.85715713234505
6015,379.84503524843524
3838,850.6060513876436
12896,644.5428000706563
6522,867.2048239059288
14404,351.8201565446852
9166,569.7392462311478
5379,462.7970503020011
16691,309.1786404556303
2218,344.01782663129507
20127,116.60157655066041
4642,1185.4201920110515
18405,1227.7529656672023
5964,1599.1035663430446
100,893.8721491726973
17771,2216.9681163239466
1037,220.9935190722586
4085,556.7571257080742
13596,366.4174531930802
16390,344.45164672584485
2684,270.64471662983243
176,354.02672212501056
10885,76.79907369607653
3643,613.9326071835253
4910,385.69367150773957
1628,102.38677543691928
16349,505.2902911644876
9122,550.2998560071687
14793,554.2022972195113
9914,726.8578452506183
15999,498.1888503540169
17190,488.66275831039786
12182,563.4787874812448
18513,466.5452244544522
8276,1200.7932449550112
20614,354.93278054848724
3443,506.87775389840783
18758,421.24487970640394
20263,789.790552215291
9250,542.6169006757694
10595,230.56055457604228
18984,686.0722043334242
19337,624.0060912552767
13068,35.18202015135768
12673,1776.2430718731598
18032,1040.7127263186758
3485,779.1639769704337
16557,23.88566640962474
17308,381.6568127554112
3603,299.50377512847865
13337,86.94717461742256
11838,653.7858973500234
5674,346.39679662157124
5217,74.16030733618831
4585,333.33991235371724
13879,2116.749519215959
2344,513.1383083921075
8385,1009.8769558080357
5238,239.09976755823976
7635,754.6007661833428
3608,1475.4705685736008
12514,335.6512231341794
18637,908.1888823594302
1720,469.8680654244505
9618,235.94758140306533
1520,420.2837323459624
8446,272.0623591955041
20246,356.6748327518609
2435,423.4437288692475
10663,450.31466285847296
4449,386.5313607649808
15454,256.1960485394363
16789,919.2322799875835
6935,251.99483551719942
13801,720.4681424416087
17241,465.32505745082847
13806,532.1320649123068
16661,504.11594081992155
7971,344.3578170119148
15574,246.75559629232885
13177,3421.5451431677784
13578,510.0051615624039
2735,529.630753422179
12527,271.79144566300187
9096,267.7522275415687
6880,1061.901309284047
4483,173.11281158873098
19630,673.8815023295798
14075,317.7770092590698
7408,459.1712142509539
17335,133.09205915083567
15212,554.2224332734082
6806,326.0633820947522
12364,1408.117166033888
391,345.05484034841254
3523,375.4092946787742
15042,590.4068765786798
20318,436.8799976983287
18707,370.5912032444229
4543,170.6176053591071
2398,475.5834163438506
5236,299.90509878654467
4770,385.3638166214753
1108,635.9070660486005
18334,655.0997396843501
5859,157.5737191477232
20324,573.3743458651518
5578,213.00584506653368
10073,114.08601808949254
2331,513.4940115889531
19313,266.80260677499444
1781,234.23324352640498
12352,1994.9833354390676
12936,1260.1433989834409
18173,376.3269845888057
18492,681.4439361125985
400,356.89983201088467
7000,376.3368773667225
2137,242.5098639759445
18911,659.3352375801619
11534,450.8400331795673
12395,1162.1527664438377
237,199.03613780015644
15242,328.82201194470457
9187,1274.6604111735344
3688,568.7362820824594
5587,490.89662736977573
14123,460.5126748747139
13958,208.1997672360679
8693,168.32461231378147
19503,597.4270588059254
10247,446.70898584120954
4231,264.58066071175097
12267,456.2226385065171
19482,545.2004171345976
16990,304.76280494034114
17064,336.04672292968723
2240,449.21463194302135
10696,474.36541382329085
16353,720.4199319882428
12910,345.17762065140016
12131,509.7423450924606
14818,405.086588381711
2298,1369.3396135859693
17916,440.7284363744714
528,194.5348799777991
6769,512.1346656683515
10268,501.5081660489102
18628,141.29212051672127
6527,704.5985416276935
11950,445.08155631264003
13312,264.63322019405587
15451,288.576788186419
10436,826.395472949593
2527,483.7628557415904
9871,536.0612401995115
20616,213.62285424015954
4516,424.6490711236047
12038,590.6054049960314
4870,798.4871861411859
3349,154.76577010558157
56,216.18849246438583
12791,516.3864787930993
2453,749.5061505096148
6597,537.6582337123987
5116,559.9181979060926
6827,493.30990039838235
11852,231.4722516618687
20451,1078.665564315047
13984,694.1422850401032
19878,466.26389178254044
7365,216.36839673768716
14322,169.74423175474317
8578,279.8404360932138
16435,86.19103278007596
5337,725.4902326639822
12455,1078.5671455842196
7701,141.91406998016288
17727,353.74806004624867
5712,462.7239006587058
7302,286.2306138188435
3080,583.8180775808389
16672,763.9160806070958
3067,353.32824246870234
16206,628.5403575351041
5460,471.33914944059774
4331,741.5500103163367
1034,291.6115272273538
2781,677.0407978074207
15477,117.56443996076752
5039,418.1054938327216
3018,427.1846217435607
13149,572.4268767689588
17569,431.99268000822116
2315,314.21342414061417
19478,275.49255020154897
3663,174.36341072821804
5094,645.6464377975293
13084,327.8613453068964
19341,490.88737512724833
20345,670.8523583987866
19980,620.3022555579552
14062,388.7229654605692
11241,288.3650460163217
17012,353.5193086084411
10553,463.2177215706205
16144,399.8348456539997
3696,1029.4680206921953
17375,444.1787171537252
3864,1118.6211667463815
1463,637.1866963781495
3247,313.92630711807595
3732,333.0411414016788
13152,664.2327329494666
9106,391.2093725357382
1617,663.64349914955
11771,221.13425262086628
16892,367.9415821799796
19419,271.1795086364726
9003,187.99166019164906
3991,1028.9611708568036
10414,1063.616573510803
6285,471.2945188059209
5220,158.36132848144882
4469,399.5685545233992
5508,501.7052137498809
7377,305.83009721238074
13254,461.86852783687647
12162,360.5897540057859
3401,513.8065442951814
17107,238.591528787444
9784,700.9352067905824
11718,188.85379007234482
7352,67.69828819123151
3038,251.1788244262853
12069,27.452623543158584
14490,272.4531559881059
13130,360.9299392168765
17224,296.94356179652067
20380,612.7900960475514
1925,404.34874060221546
16267,102.51120159368547
8955,548.4060028763201
20148,675.0570622928112
11874,148.96652952173827
14736,270.1213521303853
16709,845.8209451373921
5207,254.41586222811122
17096,397.32295007566086
9010,54.39922194077964
8053,521.8438386885075
5254,843.5311295975881
10585,385.7510221438186
13761,621.6380282167141
7318,402.10642042331045
7147,280.22331839987237
279,197.1860648227632
16254,106.6289886051262
897,440.4398935556208
11629,302.42546956006674
15409,592.8928924431972
7455,389.9880675815895
14296,280.222987378361
16019,283.95180383605583
18698,230.44283181430038
19328,459.16932092117526
12377,2976.7419421054374
14460,354.05216614066023
18774,547.889825383468
12301,780.2659935891519
1764,227.56673957428995
7453,515.7188094052785
19023,408.18696526964976
1377,335.8709799726634
4458,431.41655164248414
5711,339.7908231911914
18045,467.3415507089177
20299,1201.6769481093468
3070,445.7175905268002
563,259.57911565333734
12304,801.4850713482069
16430,472.62313947579986
8475,634.9179478140111
14011,164.96712540657052
17017,307.3629127569792
12982,193.72866592100524
10956,416.8730328181487
5950,591.155837375902
14533,827.8139121440482
6604,432.3547693540057
132,199.82225983663304
12269,398.73678005738157
8609,634.005166574528
12842,565.1004064968804
17550,322.88307667610417
8516,391.72366742484354
8097,344.4317125646585
3205,318.8419467392224
6265,391.8604009421833
7356,688.9224437412057
8550,166.31297136134967
5447,334.87540121994556
2919,284.2837819558544
20106,555.8750305282964
19155,972.7670491959619
15992,398.9869616485747
965,1149.3676015910473
12676,326.51390264053293
19968,273.3706406069793
17633,539.9166135911181
5751,402.7487841561741
10986,601.2877802856142
5168,276.7991298482951
16423,21.594298645756478
13745,1118.617385942155
10303,392.0395588520956
1428,542.0879190216059
12959,1163.3049339012432
3256,452.3518847924497
10319,520.7556517453269
16951,299.4355233741303
1382,539.8283261813435
1448,74.56180033238553
15315,106.79473054866801
17810,284.6240494006601
7503,137.67769752747347
12648,595.6506141078096
16967,804.5610375992478
11294,622.1081474854093
8702,425.6745393072444
9210,825.9692690345116
16501,499.1744200127002
1078,1077.0163845536392
5201,365.8062615946278
18033,263.29244034315457
5008,341.13163747354884
20500,287.6556514107482
12663,1450.8122502946535
14351,580.3416712663609
7341,763.9065666255182
19526,147.24378298198968
11707,434.31340864998
11034,604.2518373928111
14729,227.52349862244137
12772,208.01171397396354
9551,214.14562060508615
13837,914.4576162824301
14047,540.2514727312703
3487,1036.0376382900554
4375,411.28424239156504
14636,204.6335304640729
20329,1432.4007004635328
19570,562.1218487601459
12711,211.89524242161337
1820,264.10304858637505
2058,181.83617354556148
11889,719.5446007135438
4129,352.26763285890866
8575,374.3736582857425
5570,589.5900625160276
6313,628.0767831049038
15882,330.53200346533606
2467,230.45546538125402
15657,991.8823501058579
16956,283.71444293821867
19908,312.3667299196244
3111,468.2952961413438
9147,196.7226922852734
15216,2497.7722883030387
15540,532.4253364980002
4060,293.2623852922323
4964,734.2911430496385
6349,8.124098009186596
2141,365.23588339222715
8032,384.84079440651266
17492,290.4512009074245
12641,363.9525633201432
4631,1087.1856714678179
20361,504.63725584062615
15650,450.8436115815729
3217,233.12918012999336
9603,314.8670852335571
13764,51.566196715382475
16223,173.09600421373125
15470,588.0320553854815
18471,809.6957888132448
9522,375.8530774262134
18018,295.67158087098716
6395,373.9414684482385
13790,1509.3806324950233
10015,504.3682506202375
17706,497.39003806478127
1328,344.0249661009754
13888,157.72352361846896
19642,238.96587538886473
17503,343.107465724912
14405,382.83436294355704
9005,1880.3203522224724
12149,747.8468124899919
8349,212.22068161381773
7835,355.46015230189914
429,434.8255666350123
12802,702.1619330780945
15906,157.5710483941162
4065,1009.8766747865743
7176,287.5064823393463
13282,1089.8670888304741
14230,663.1072538450628
7664,266.32838303628444
16411,59.52506145913589
6093,363.3739090867899
9772,490.5436005720933
10876,587.7239601462909
15933,387.084987342875
8272,627.7790545756206
17664,514.2862569951192
4026,1228.5029403173066
12525,226.3558939133113
5802,1396.3740414901613
20613,266.888654851144
10112,513.5050441105626
11087,445.29533849167456
5103,263.814355745488
19541,683.6369969675402
8462,253.2457016092384
19941,304.6047935387605
7271,334.6326841534736
4972,194.24404688996134
14815,777.2406290733327
8950,457.3424328283403
10394,356.6905167821866
16746,1309.8308566571686
1246,263.5943223241896
12229,376.61003619932023
11702,230.18811837338646
20493,639.0394862293806
3157,406.0903902763943
15017,1230.880547777944
17845,65.03538224284353
9195,61.65100626314563
6202,433.1332546386926
17951,816.7449406247285
4813,400.33789293961775
12042,2007.0797257164388
20107,272.2793677013401
16479,460.33873354394836
19816,334.3447035161164
12726,675.9218764371957
10772,780.4977958668157
13683,445.9535897528542
12732,448.9588238877636
6214,157.25694369378823
16297,330.5008329636355
2349,436.57634889272305
14012,545.7174855833464
16163,386.34669642648373
1042,613.9197831472914
8087,243.16398235769344
1441,342.69427816408256
16678,591.543412175462
6328,547.7225581804552
10479,393.11230878700997
4655,527.3511682626713
18971,1506.5765591149102
16979,349.8967005169061
18795,398.01127722419716
20444,34.61178793071711
15319,458.8553901580826
4587,1012.3003989722285
3022,17.531818221181176
1766,302.05789157396885
3791,279.95787697563856
4620,872.3743624953645
4380,578.0621198683416
19913,536.0195113179668
11784,731.9545348552292
11926,138.65779638968462
5675,155.75144273075827
2024,304.6226065530638
15883,775.197377664725
2208,892.4968983894489
2378,405.8859619945843
8395,565.6456381596814
12653,824.3081201567386
10540,2459.5217582673527
9554,641.4037607596483
20229,638.3712896777813
10109,625.8802855515269
4225,489.9636909763281
13258,368.8742601553685
18514,226.48212076102368
1353,500.2847059210456
3215,593.0852005957236
9689,772.7150430082495
3893,763.2749292213773
17181,763.1564237667352
2294,694.5346794796014
5878,425.9409667893425
4410,475.4921542010071
13079,561.0611687940079
1750,320.6149254716314
1376,319.86685049426006
1951,687.0478437889102
17937,457.0447852209759
20359,335.650930794175
19046,1126.3869200168174
17943,559.7227343975068
10189,230.69801891560803
18479,753.5523820213219
473,419.42327145938924
4315,592.925006385866
19211,414.5337533331908
9108,575.0953792997419
11049,350.1481620831089
19133,363.4058955333687
19389,385.4363310258839
4576,320.34589579910244
15131,580.1371428021073
17311,33.07559253394596
18019,576.9100748758676
13987,587.596067248963
17851,299.59374838533523
19282,282.9354064140971
16175,116.25156744574356
16511,921.0235024843103
3747,459.5331637419059
17421,199.81055767281964
6095,280.128808478164
12707,1136.6599251446528
17101,399.8769351452418
9800,774.5316824511453
3672,501.4693237777051
2594,193.89408888086376
2678,376.5540175693821
11462,772.9812538313292
1352,423.4177861822359
18992,344.0472594152395
3595,450.3769992072
20568,1019.1029288428019
6169,342.87171598405297
16410,329.78574028142697
4729,342.49635767197094
18458,518.3843769583826
6340,612.9213524810343
15103,1246.3070072595515
4348,1393.0715647676486
9163,244.95057699555846
5709,524.0385694728839
6837,615.6784878884971
11219,238.0459363544885
17014,870.5312944293219
523,161.6129774229169
10085,325.01990194860576
2695,178.6600748660232
8767,342.9808259428876
15808,385.4335261678876
16918,344.71430386440363
15151,198.96783642224236
17399,428.896685268881
9200,373.82194258798484
1993,266.3524537406936
15549,177.92951930672436
6280,389.62284361252387
5036,404.48289522992553
16056,224.8946636170896
2318,372.1660136322362
4603,319.0466415971001
18250,258.97532357533476
4822,504.29684877890134
11177,600.4821245304947
1395,563.3902657290674
11220,288.78733470187296
11537,508.4866982580173
10551,818.2688317103203
8104,481.3307251618429
4814,815.0674328828104
14792,375.1898169911274
16759,582.9773707912893
10692,211.65716870584862
10737,272.95448481649277
4750,434.0104917623698
15339,443.8669594081898
18026,255.93913062215506
11735,1236.9022188428155
15443,661.5220625735453
6624,309.19221187356607
6050,480.2170397643156
14311,248.6236623481883
3357,286.7809833859811
19060,270.6214265316722
5281,491.8476987057171
5696,438.97053374714807
7638,860.8437195333165
14971,226.41668539298917
18410,346.150062670872
5933,313.50630388638064
11956,415.1165140676403
19368,172.7073753026411
1568,557.6339980487516
19104,986.3399848498308
9281,610.9513286156773
9626,198.66104528928727
4535,487.89982597361075
10067,93.10997582176498
15718,784.4401588774849
3472,976.058688443363
15147,367.3720957083303
15976,148.4929119425314
6203,452.95156681045125
12383,2005.2114764695657
1559,1548.8726206351726
5926,1215.669724585993
14004,724.0012483686583
10421,370.6077306937306
20540,1424.3082268189742
17208,290.3914956399156
14094,531.812703025131
7017,346.2927562418103
3477,990.7083031201032
12366,2247.2783441322194
6826,1226.2500090300275
7662,295.61045539715195
5088,405.97653469775764
18676,977.8393018964803
17184,127.20750885668
17976,665.077163347927
7457,381.33759701045267
13457,183.73632885403595
15083,671.7595175635347
1234,552.2218478780428
18402,845.1013496567075
16564,376.364474602463
19711,369.947633772713
12930,979.601306370226
12872,1344.453875177957
6994,313.7710246281613
10311,724.0495099178436
1143,313.3802762028988
7284,432.1227908919981
4476,188.45486229523843
15296,241.48196791559369
17305,357.9513718498795
7537,433.135908002399
13295,440.99609048865136
18222,731.65110337861
1217,208.5108760721779
12465,304.1792852677331
1829,489.97451630872433
3413,853.6684387045682
7877,846.069130886254
1329,713.1643458079573
6730,346.97017100910415
2961,819.1737596994526
4268,1561.7073966381272
13881,1093.0451345036329
5907,63.55246786939419
19714,297.23870295725095
15511,293.652271037988
18124,843.2715486033371
824,301.4303407130008
13566,439.1953359285925
3093,448.2232432369111
9704,108.1120272922451
1283,215.47842712083929
9121,280.19527545921335
14923,1440.881436360013
3298,383.82649980622415
19174,469.7948900727884
20044,173.4760114665066
3204,529.8268963636884
3891,238.3101485786177
6859,1056.0707369964946
14040,472.59937266785164
4040,289.3286310997639
4434,405.34513460241294
4664,197.80895438429548
6020,259.24401074735215
10484,274.2281287696785
19108,255.92277135963943
8365,563.2897719715877
16841,1290.6152997862132
7114,75.60017061267156
12412,2005.5138964178675
20576,97.63172129185182
5473,217.36569137961345
18393,227.80459486529924
7292,674.5156484830331
2236,391.67864985770484
2136,398.2378993571127
1255,359.3820251242471
2478,171.39504773966712
18736,317.85038891100805
7264,178.73107944723648
6521,387.51047969625523
7142,1009.1724075416492
161,149.0292780299224
4565,619.3617546396862
751,725.6339890414009
10605,385.7135093107316
11935,163.446560376283
561,393.90779502094114
4275,579.6961568876816
10668,296.1366795697765
9030,195.5785625535976
13239,371.59902156939296
5596,387.8434319409773
14749,397.9443280482609
16129,445.3970460411222
1643,2494.8571334408734
17834,425.0022005668663
1999,347.6825018485831
4598,589.543171494033
19627,226.21082800012795
5241,278.7519704531365
10881,277.9860922521815
2257,488.06160212874454
11741,650.819508054342
14885,403.3156422750853
7246,587.8289876796853
14263,289.5953783404003
12765,699.2236666047913
708,1238.9157441365921
19410,101.17014349912012
17768,782.1512819079481
17906,338.9200432427651
12760,1217.7306179887446
18246,218.58102905746657
6907,435.05843776308336
18349,345.843922080053
1984,399.8981572789894
1888,505.8890315072577
15080,392.01219082271217
12664,1886.3054413485947
14065,649.6564456000498
3358,581.9268227606021
11249,385.77668667087494
19659,1778.789836656029
15491,777.2791990954829
7465,411.74981087092897
4879,43.54629469797926
18917,251.63774012507272
17291,486.8518695677799
17089,1688.7944866750067
9161,1385.0877908205227
17790,799.671809133891
12057,169.51397097511182
8688,391.6799879907733
10474,663.11788055017
11535,275.21182371727934
276,219.98872341564257
1076,348.7943157448795
8584,391.9543732949957
16782,459.5905184957175
16696,715.1689353304369
12953,550.5974963918363
7526,392.42735798731155
1675,350.7498595530201
3579,753.5385970712182
17482,541.0430427447893
5588,697.5313086486981
17930,211.22869236562136
4397,229.90996721984163
17666,455.0989584603489
5407,258.0325427157397
1117,291.66603006762625
996,2066.908043884534
16458,486.77239685362304
1506,609.1494601807497
1748,306.6328925194679
5737,348.2363532990747
6452,314.59942197048616
5441,304.26651275996437
15750,471.8448291192302
17496,401.68914128814987
14085,646.4763486824115
10995,173.11557311054625
20367,235.13850689823906
3576,215.67157179056508
5023,287.3180969599613
5038,349.10359740682156
8050,332.18074348829583
18718,418.4800170998576
18710,273.6081910387846
19694,361.0776817945674
3407,430.34610112544783
1569,1009.985013259912
4253,207.22159578603814
8177,233.77271939911955
19530,58.998968208479994
2800,202.09548899421554
12166,510.78996860615604
1804,653.8046564288878
2833,189.1048089555925
15214,518.5740506868133
19889,410.8356932915454
13809,770.0625501279135
16051,493.7510874032327
13475,1689.2435439436247
18423,332.30996488842976
19848,335.7077126404614
16036,234.21336270814635
9693,1802.155633932211
3647,1253.2710322308221
18723,776.5013749185067
2329,282.0921763249539
10157,326.6743756803132
2736,758.5800005008276
16355,550.4197008511057
20115,466.6574436491156
19137,667.8135093534205
202,493.26299733855967
3777,498.29147518212545
20553,774.9418592209918
3558,372.12248887487635
8775,1053.515905325511
462,817.8087873429254
9495,819.4638662988239
11999,41.82343588238918
10339,1202.1191682769218
11751,503.1885948819415
838,495.8737151122328
1626,633.4772370008134
15978,338.5418389280444
19475,290.08001091828976
6038,111.28044489293076
11383,311.315307011145
1707,325.51400984845213
13971,926.4122348509943
13852,617.0523312006459
5229,254.53903636534307
4683,596.6325390484194
11405,492.38294861556096
17713,308.90026475040236
5200,298.9769720818585
8614,310.4915879816724
14974,851.0138831563224
20075,74.01609803115414
15455,691.8394656933857
4109,581.7487267218581
14690,453.0776751505073
8673,214.4680978550182
5681,404.07873487856887
5627,301.8948068739525
20267,465.5825070261052
902,387.79018516051553
12487,640.5186900226292
3852,231.37590346347645
17074,1601.8679351708167
1598,449.9458725252298
2323,458.2684796912431
8197,1539.4135040628232
4454,625.6804746960302
16471,416.9818175059153
1646,1341.95948398533
11608,624.516868308001
12362,1029.2741039288273
1539,837.0301004760057
20625,275.2195993885894
12474,780.7224286052418
11015,429.0909926621865
11082,308.4634004798653
6450,369.56197806686833
18947,207.9852144019612
16784,911.1468488401132
6159,902.0219482482262
18657,594.137868140583
12669,930.8001058844076
7874,545.3268251422421
8434,170.30728210483446
5742,259.34756286086844
2432,188.41472592454448
19960,68.4841275179661
20146,864.1079438836792
17545,203.66315493676007
7847,111.66177917625859
20385,582.667205717062
13037,244.82984151663933
8610,392.87658427314625
601,638.9371559883848
5825,557.8704063292984
17751,397.65154200033203
8264,556.4080541332253
20440,559.6743730916794
15285,438.234482324839
10253,570.9596735790244
17172,44.59774058634538
598,246.4982845408033
17922,286.8606350129616
18386,545.6812443512329
2156,419.31798053234763
17417,354.34491872058396
18805,772.811314004085
11540,435.4072850797327
7251,522.4862320870134
4094,8.125781448702886
19064,222.43323714183668
16754,423.83429854214336
12635,786.8833435913626
15091,339.2397564028591
15909,375.45741907417596
14848,616.5936886862253
10065,325.78933393896875
12074,1308.3227217514145
3967,447.88850359529727
7778,320.32785325752764
7893,381.9340971891729
19991,608.0699441711042
773,226.01432383452357
15790,158.87423227104233
13693,668.1229275273174
5895,156.36068136911965
5040,110.49727182558635
14785,1272.1812189774346
883,816.6372107184598
20404,509.9929671195006
17831,287.02618983010086
9063,226.7657353278866
12019,332.5271210087365
9272,342.7908052752985
15081,887.0105719873359
6371,207.17252150182605
14575,679.5853411005062
15547,498.7503160303519
19940,319.75396296918933
11085,1038.6248584554405
16136,217.82172753030073
5936,717.5266208556042
11371,442.61915199310164
12152,1026.1053507012734
14738,660.9884829140506
14603,73.78055243011408
16456,613.0373736385043
16368,642.5082194625578
7554,241.80706514422786
817,164.4471118685088
7134,565.9007153927132
10538,1009.8712364116556
4906,362.9053675070678
5699,403.08445327473413
9499,870.694212575257
17830,264.7775781325817
16402,130.01968039512138
4577,1083.6926256442177
12650,9.253594158274785
15918,500.3751104374269
373,409.5298733578127
2179,305.6352453483969
7699,330.37525775382846
11331,843.4222883014725
1085,223.51573612001624
15337,2663.267535440885
11665,438.2515121648705
3914,421.31420341612375
5309,368.95958770952217
19026,594.5973048762214
20484,375.0845358548054
7238,248.93062260324749
4711,689.7181442821596
10413,652.8000487009601
6960,625.3277661071761
16429,371.4486536609273
8243,525.2587359395663
6694,507.3559248623996
11210,293.9352665770948
12071,942.6814311243419
10507,387.6735923517468
1794,655.1544086247634
4763,308.32643486723134
6564,215.52440902218189
11346,446.0495895398344
19205,233.26370676340008
10775,446.6254789084947
5489,241.81469435240632
7269,342.86080421720817
4321,449.12652312515615
7658,877.7459527954929
14152,296.8700924721435
9797,404.05735822856803
15852,565.556275612115
12275,853.8914309412884
8613,510.43669783580845
15576,839.1665310564072
16845,675.2673206689943
9470,256.15787219107307
17026,222.49262824079358
16304,318.4658548764344
2777,277.5932301187599
4596,701.3312427383025
15273,326.73703839587756
10017,322.8632117754927
5419,556.9492080526911
14892,1225.3239419712877
649,140.81388230134962
17148,587.7796143697135
10741,480.7898655360066
5224,118.8403833318313
571,2709.968675197706
19469,690.8205223128609
6904,370.2638533325393
18383,834.6250146363377
7218,238.4531237079589
14744,649.7396828517328
13255,541.7546792520106
14466,406.47993312326776
15281,427.0639020218316
17279,522.6428406721685
6948,312.54797550841465
18526,225.8129071741215
9314,662.8060840675577
19303,246.54795711999304
7719,1588.6993930100507
13779,729.957424839806
4947,578.7408792940021
3044,389.8780189969178
8854,395.6952507330332
7464,298.75822826583203
11932,624.543511614655
5485,492.64552544659887
9209,543.9776002706024
9458,278.7737282851559
14986,717.6358883526553
6165,201.58715464008037
14288,375.0516202521947
14583,531.693339545656
15142,675.1529247929818
6753,478.6169735055683
9738,516.5044548368544
10808,417.14427496459666
1271,437.97123186689095
11013,561.1391695916216
7982,462.2049916861648
16389,23.42240614797646
2440,554.6016429065181
2970,513.2857590062782
1842,310.6766357492964
11682,647.6872214410096
4500,326.16691938639053
12109,611.9532044099757
19555,501.47291630419
743,632.4472548112943
8476,204.99128455634457
4999,544.085487875545
461,540.4888376912701
14628,791.5190171386514
2538,519.6893528313047
10542,1066.3838634352328
2104,230.7936783717288
3285,166.71004991971336
14453,381.98068784618044
8627,330.91373562318455
18046,769.5498326898676
14457,411.6645750758656
6184,912.0590104374425
8651,681.0888564932959
19537,271.10730762576117
14461,375.8817829468366
10795,277.8454350263884
13930,442.66474006019996
10094,471.2402286399606
162,453.9737900211623
5957,334.380700936022
18314,768.6416271176577
15943,535.3830186636615
2676,213.46856147190124
6754,264.53871658787125
20032,399.83626198050683
9228,484.0870053285228
3953,583.7568255462257
1460,420.4285857452907
9534,406.8094288720883
9833,294.2503202309209
16333,709.5724384375483
11497,242.08822901494992
13315,221.51276131341945
10999,340.6175724326293
5985,864.4613590860772
3144,278.6260833218858
16078,483.05123143265433
15021,366.3855252254747
1293,515.6178537317497
12988,576.939330163672
15468,585.3493400709483
1443,620.9871363222238
6755,289.9124744107294
5541,3259.546393059892
572,1206.2253719038024
15508,249.40728997585873
19392,31.70166474097374
3409,228.46839674910035
3850,340.79816528774495
18741,82.61749175005616
6901,294.8564928091774
4304,1136.4402157600823
13340,345.9146947264292
213,182.40241279717375
17462,578.0474440453422
9086,1415.218589670485
9269,212.87326401006393
8642,422.167582670161
5604,460.9493725911698
9892,360.62584181741533
14347,265.2091444481128
7954,525.7660458752446
14222,484.8301242588883
5087,201.4906565801089
2074,682.3624529095671
8882,768.2738024304147
17549,964.3816539824018
5880,211.83283603745653
15995,424.7215916549409
15619,1082.7510552611438
19632,35.73986775329814
941,245.66302912674365
17103,451.6021750638158
18869,406.4061713539989
9802,459.0376910653122
7032,498.5653525830941
16555,196.2699361252296
12335,728.3509510293736
20406,201.18499944040326
11899,313.24562284825686
16257,279.72955821403946
2606,185.80816705958324
12168,885.2796928578031
99,1028.0813921364593
8857,1074.257016714334
18635,357.18073583083725
338,186.17870217282217
17516,261.6188249338806
540,283.1346561838695
16053,437.05520581493647
8971,358.94969379919985
795,1215.3458409332995
1945,535.0112594863635
7654,231.99985069544363
14507,822.6286603681551
19061,94.6265965157079
13690,451.6082356763423
13241,453.2299610013492
6284,427.9174079415342
6812,469.3234517710926
1579,449.17227598059884
9175,1172.3718572019752
2786,460.91122567053526
17932,191.78171051920145
3971,349.2115566799046
7186,154.12249423010252
1100,259.60291683717173
6657,418.8986692253444
12881,254.48118256368534
8380,216.70264471460882
22,334.294153651569
959,223.66148272234943
4697,438.2876170454864
2878,364.79976805310184
12137,195.58920704697601
17284,337.5611115682719
20632,450.48898630656913
569,1135.4434507725014
13388,3734.598264771344
14746,451.2943108241502
2561,291.1307666477008
19657,76.0374721092039
6874,343.8280799784976
14422,743.7218586677932
15407,622.7460379805517
16690,527.2171469644956
16940,397.4119217334901
9989,650.5736756806837
1754,408.87403170370135
805,270.732839572177
16705,1105.9073753810817
16861,792.913131223484
12421,658.1451171966232
11105,226.36943512866344
10193,272.1605572270368
14658,241.66521756029428
8228,863.2108662285302
8064,381.7826081831416
19862,348.81589910272214
1863,748.8855263884451
16189,208.7204380020211
4325,306.7329352755264
18857,332.46442086789165
1858,486.42289401924916
19930,389.0627846324336
7074,376.74717318116666
1576,1253.8853975379777
1902,429.31330399372956
10640,301.4596708513662
11532,345.8073721644863
17256,230.02967298380105
12774,387.79507807387404
12056,179.6559517091888
16683,307.4318330021922
2835,354.00094406588624
4895,151.7707527078607
6724,189.87562760682044
2752,418.8348876037529
15046,402.7621538418565
16962,167.53410976141703
11879,311.9532993214418
19352,682.9035740584266
6560,393.3263108630535
6645,617.3530300462372
5738,507.4898327889647
10137,305.7439550251453
16247,475.1600203087288
7543,572.9328204556361
5599,310.99013843528473
1332,696.54087627924
13265,470.68182739101985
13774,309.9199395949819
10466,677.0419886469329
6993,396.1803237193384
17056,480.8615389289988
18430,456.56279592258977
2471,369.5153917436205
18517,222.67416889806822
2889,330.67977531029857
16574,120.94683649715269
14304,753.9231978906778
3660,175.27401785437462
12805,441.52900663287
11848,606.569920347501
4463,221.20405611790733
16847,265.2851900385269
6973,396.32060401941646
19602,162.34182383433267
16399,85.65858516020555
15794,550.3204009551014
9409,758.5401515219808
16232,569.8203153359747
1637,857.0654976368721
14394,396.13173869225295
8757,286.8082360901287
291,65.38462053223101
5846,1730.808054028573
10559,201.95117977208227
328,204.10156854242425
11740,300.44091235013565
15213,247.14982628003105
3196,442.8988161522623
8858,490.48257456141664
3786,427.51179996531744
13861,696.7998897954946
19150,576.2985167568175
12184,219.3843500560788
2360,597.4709211930957
9135,433.84150998194485
17388,379.615594907899
8497,504.452362268341
4099,273.0975325492865
3631,335.12810145605823
4207,589.1291794117556
20335,969.4112526300498
11553,430.9313186829658
1492,512.27183782837
20436,251.02025713059595
3500,298.30914127600204
636,123.96951487865913
16025,457.9611280095052
11668,635.5465428353325
16147,573.514653185393
16698,268.9749719625685
10512,765.3645012569073
15905,72.55238908331634
10581,1101.0532074199605
7510,439.41145620701207
7767,431.52996617087643
11142,363.8905181600814
19545,629.7874542189159
4135,163.95896511803033
17882,309.8693180622939
8465,289.1744865603742
7294,520.3433124960668
11017,413.2694189501666
14484,729.1628165886311
20271,123.68834378524025
12300,868.9288135323479
5339,571.3774585307875
10010,212.4070755120619
6315,415.3565662914057
9320,97.95010276671931
2504,295.96493337859926
5924,1157.310694425204
11080,947.0802340711197
9808,305.53925759924476
3109,748.8836029116528
10469,742.1914550048025
1469,409.787602404841
11339,275.6855424416728
18642,344.59618082057557
3508,238.00270262533675
19349,668.0516534255295
15441,482.48662856501545
18531,457.6951077112758
1001,661.2520060749939
852,398.7332147889732
8404,843.1281350692307
7250,559.1336590711189
16260,413.7799528050807
6380,410.5635860580249
2322,282.31321987977276
10108,323.45774532358314
4057,237.26315262717156
7317,452.30063577426097
12015,51.48129303759971
17154,244.55312999040288
4821,487.53692084340514
4350,440.001767635287
14809,606.6870179545592
17102,1015.2038058212382
11118,307.4884688667185
9518,214.97311254612094
12919,1406.1171215502961
11084,1629.2677971777946
6840,413.4835135045853
8730,689.8749677331655
15660,2208.9613318403735
9839,545.5789054152867
9878,19.644365704947568
11966,890.5684284775195
701,25.59002090061721
6309,188.6136663408961
5360,579.0579137029372
10926,321.55118487098923
9705,488.41595820408793
5472,251.3798299181123
11687,498.3363692104495
17073,779.3646978544635
9153,149.17201400172968
10205,194.52041310975
9402,270.826821715709
8297,540.3750312329412
8970,201.93947311405202
12190,923.5311583924756
12448,444.82285865321813
7649,241.4442631409729
325,245.7965128560235
6927,394.3512505711182
11733,222.26036969263663
16946,361.55174510612375
8733,363.218872977106
6151,638.6163051156794
4082,517.5543747464644
9730,401.2893616131383
19000,307.09539306810274
19384,208.8851105582143
17316,214.12573737926186
7795,264.304249843985
15608,90.68917764724262
5900,384.6266461882519
6490,523.5515115307362
17166,225.89208514070828
10742,328.3015027572443
18645,679.5876515653304
10627,261.80840339988606
14043,633.0787862825482
19956,191.95712890255587
11185,583.662669144544
19828,627.981028386358
11307,666.0898512854543
16949,464.8121686435701
1365,27.747834739318634
2352,107.50136668182054
14397,853.057237210509
11854,400.21002023812673
10437,309.975634880046
7642,535.1950331898785
1976,165.7185065368927
3345,15.805198531857013
3930,344.2173107434702
7232,523.6569110142573
17561,365.2519427711272
6364,483.1228934022163
3254,324.1000698379984
5278,641.8059638727241
20413,1469.236260508461
5325,740.4554184450637
11434,660.1018200919823
3913,348.9313718815556
16265,413.86300004142396
326,138.44985027149355
19792,134.24158116463047
5534,196.06914555482325
9282,799.6270721123868
4996,571.9759898630374
1624,1217.3301364097254
11831,333.6070496317797
20025,514.8552816837456
7244,456.0930131049349
997,79.69983477501658
16714,509.19399758553175
7467,346.0674283688408
17161,332.4105683537283
15250,815.7390752598494
18918,501.7300857933174
10014,142.93614830488312
7714,218.89620330560032
8594,230.2937258765458
20112,215.4584290511507
11990,2137.0748044958714
13732,292.00692956889804
15022,1459.902238932088
4313,162.44311697721474
19680,366.46474992669005
4789,435.11719811737044
14209,360.39457074380636
13391,201.40876802706893
19624,106.29046385366496
6250,347.36189067035303
3725,781.5008099325532
5585,747.9805542608461
6065,572.5798498898185
2241,1048.479687686206
14314,107.15451020448333
12197,61.28441799870414
12817,123.41377732108575
11906,288.58858414040384
909,699.945550051785
14596,359.68076766686977
873,812.3727458064327
3333,47.17925959756238
20391,782.5039796377442
5369,139.14696803999155
19564,392.766479777524
13302,491.30305228175274
9930,318.61619226140203
10331,438.41318792153373
556,243.1048652735282
17359,263.416165559364
15155,814.4419985414823
19094,418.37617767749526
12123,1637.8022168428183
17282,216.64979029613778
10429,71.9882444397955
11849,302.36286516301845
11007,551.4890013797891
10766,495.2318377749896
1310,620.9455335200855
3155,344.16548347193606
11587,397.7186341360651
6922,998.0804732537498
2057,443.8865564209372
17837,442.3360354832029
14024,446.3246141232197
5230,182.86199201123736
14503,614.9655537784521
17349,1103.3123225376667
9639,224.6550077955913
11239,466.4616789451177
4259,278.40620200927503
3494,268.8246842011665
7993,237.3976912984064
2437,288.6063995622727
17926,1483.3041693097057
19319,388.996309172461
1344,189.58909218675777
20328,976.9197112179462
9275,639.4085830271075
15193,560.1818754502631
17557,344.8436166471436
17847,553.8672241488205
16997,334.6258105405759
5237,137.61656849473343
83,83.22041842007192
13990,402.71283991873906
11679,276.05769949349144
205,798.1706633548664
7115,394.1875014205135
14732,308.267881220786
18846,719.5191333196367
9644,598.4301151120748
19897,281.29378467409873
9491,614.8854127338878
20162,284.02424531609745
16736,427.6934952993025
7430,635.2292654446142
16528,641.3195859778974
16687,326.96929678357725
11111,466.4184921110517
4252,244.80168854724724
5046,337.31674514468637
9884,402.3254379606451
17250,211.45068821681608
19743,70.81365911099802
14346,132.82957742176566
13150,483.8644945118347
18255,178.66292568379316
14479,300.9489375113071
4157,402.954342014473
6609,260.9077468887908
3648,688.4764904393447
3847,181.26592928709286
1983,1450.3702415944813
18495,665.9406764080392
19423,52.32321442140315
6759,297.26833281877475
2975,924.6616306201125
17046,487.13996536991567
12118,1236.9420851834243
1705,341.19412352339793
2541,243.0169368407402
5427,615.7930953430526
10539,548.56112991466955
16194,233.56857157994304
11860,577.473910486882
8136,268.89813870366584
5440,355.9926738370185
20531,2791.8846138207637
228,238.58707550764635
18087,530.7221644724838
7045,357.7913654082533
6213,464.1700951640595
3453,1366.5303626072443
15517,967.6198629092742
9244,548.9872372555294
4326,398.2057413808643
9789,135.3452785218159
11884,379.90511875345567
7591,438.50608296690206
10397,644.5951106328466
2410,178.0244535861751
3799,733.4201480749043
9869,616.1957013836939
11453,266.41970389601465
19488,383.3880002474829
10030,454.06428546620907
405,258.7048045189056
14034,289.374031398631
9462,253.57947351820076
15708,864.5071609513958
3753,372.2365481119604
19009,310.3885689984051
14052,608.9426408056802
6290,1686.7295975747468
13876,1224.2489611816713
4351,852.1726423528532
3554,762.1603366568231
14900,450.95990932185725
11562,627.319651706358
5741,361.6862042721234
18237,284.31626116289465
6150,305.35515343304627
10165,230.97418690647817
2932,276.83162497298247
6282,411.4426512911821
1700,237.85342756547806
19988,241.195228355712
3225,535.7759967922866
17134,217.11265415551895
10396,425.33742863518194
6659,413.00850790339985
6883,572.5601738257766
20054,356.1934716301217
4162,374.36676115601654
18373,1305.367638831677
18985,123.49731429592711
12962,438.79315036587457
11510,434.84033788089386
17919,235.90804075932624
14882,218.3463040559788
10333,448.1466194143302
19395,369.7208616177611
14248,643.9784022781485
7100,1597.1857954743305
11211,474.3062843248133
5801,615.9158086325738
13689,247.5324853468029
7851,1364.3146979888484
18775,499.13423401844045
18053,91.68068716368757
5099,297.84308578661995
8363,446.5756212895537
13627,141.40734630163422
13347,358.9522448938113
247,234.0396022163986
18347,809.7428908698805
10804,386.45965398698434
6687,222.63265844127883
6499,186.60056922911102
4466,644.5473969246484
6345,401.7302500461694
13091,188.76965605875225
3604,2625.324993360478
19164,1496.547824401519
13001,300.3106176828339
3223,527.0451121526758
5133,214.75439986799023
12280,453.9913988956466
4929,123.1838123847937
16743,502.24467521396576
9994,146.41753583779234
18880,326.67188111104986
431,193.63521094125184
31,382.69893604490574
9830,227.1252986455977
4486,353.0801598193602
4651,687.435565986914
11985,424.39665260635195
6198,368.5232006027136
3116,343.8623517184751
4377,768.5684379349996
2363,839.5612555977386
967,239.2677408378549
7451,626.4768783690795
14844,287.0998883052652
8751,412.3773535738882
20033,616.2994781537803
12580,715.9977913508205
1697,257.9226826741541
15911,333.70570572697324
6749,169.98454868395206
7402,401.7027835163704
17040,682.4986586487305
12233,616.9667100502614
11313,311.02389761733446
3129,862.4957634621187
16362,419.3579296161819
1192,34.48411455391387
19277,394.4702035238467
7983,417.3066163231874
19614,494.3686878095966
17191,548.5481927447383
11912,343.7717997480802
7574,365.55993033358044
11260,476.08218051197446
2047,432.6987708684094
12830,177.67969187738646
12646,603.9365250000119
17617,701.2637322942985
12823,78.73093854740105
14059,279.2424448978826
18245,365.4270555204227
7759,162.3540609990192
18725,1103.2018384927364
8278,740.2876700380459
14133,490.316073358802
11739,239.80806147811168
11898,519.0214184445571
16316,66.72852190095513
6463,278.9820055853155
14481,703.4072251136846
13097,135.12522452819627
1148,240.55406142883083
10314,472.813313508303
9964,286.86894715739834
8047,298.0835342521953
9532,473.91336467516146
15087,499.94869483891534
3686,483.8631795191103
1367,414.7248809738662
19835,398.55630009250507
313,472.13626368446614
13549,382.6563197107993
20230,398.1028418961353
924,599.9605215309764
697,43.07030319938666
18787,55.583099184493456
5065,407.763722655012
2816,455.09094395241925
19507,536.3589061320889
12102,393.6187033139435
2551,392.12206338349733
8118,203.17728013005592
15495,558.3640880007782
11700,405.0376525356478
8829,384.1220818567417
6612,493.07347767244175
13869,371.0339965911201
17001,1238.5512815132506
2223,150.02850987474972
10499,399.89971958725664
5417,419.08151524508105
15606,552.5172887063616
1642,223.0729757043827
12133,2857.6035428399714
16983,227.26035594611795
5027,516.0956844423383
19690,307.34250493539906
14573,343.84086728684963
9957,609.6781793765781
5860,287.64580568837437
14450,262.68395210845847
7712,327.1142105880729
15123,248.38939190702655
4826,572.8115857684137
4613,232.13869875136726
20303,1037.1595928448917
17791,282.3261327580208
4783,826.7091773678347
13612,240.5588192469181
6549,274.10884059470516
20030,507.2926748988036
13063,509.7312079990779
4444,509.8647975563573
4865,236.36050169042846
7312,442.5950712819458
5240,539.1610105788939
14624,285.10694618698756
6263,285.5168650201467
19691,315.6760659482118
6343,314.637704146849
347,297.9090353946103
9312,710.5500864431614
14473,246.6163142484004
17372,276.51046030820925
14180,599.9743340326402
1446,426.57491201282835
11174,635.3493270031396
16752,397.7212019231787
3061,132.8034764991389
6197,275.2039951844131
9739,434.74263129802625
11348,415.43750829851314
5405,187.46505328729614
14909,686.1427244726423
18583,516.2104343197492
2427,276.1803623845919
3416,243.45683565700216
6689,52.149681209818425
3181,264.94443799126867
1995,385.96898519313885
8210,577.2049952817331
10121,427.0833780637871
2819,382.43771596563255
15186,632.358199984438
53,752.1913118656149
11744,389.3974664369029
8362,314.28695333321724
3292,642.2225821162011
18107,548.1032681669551
10935,1124.2436779607388
19877,302.13852329234334
8171,268.22809488694884
19412,513.9894229250674
18287,333.2948326712442
2910,679.74993655903
19663,325.2208409083378
16563,171.5000124603286
12348,1942.0113468441787
7448,256.5794371166379
4817,357.2549089017074
12588,243.22516227022564
11329,514.7446479376936
7468,489.2737116866284
7892,496.0003235959042
12933,456.0878169650832
2433,316.04268069587494
5371,560.0300990523848
17088,155.27941351723877
6412,239.90454378089314
17636,781.593662764941
19976,641.3848447076476
3203,337.11373225407146
8759,370.6457968529036
723,376.7443125726771
17502,315.2137346821382
11144,766.1795756481782
2034,376.14748985136885
5717,275.2703317248653
9262,521.2875183771195
3520,352.71438399646206
2212,832.5333119841195
12820,1269.2544468087638
1805,446.09607064948045
8037,545.3554508367159
536,448.19627931386316
12943,524.7355748050833
6921,7.755150752124523
5897,355.6183195315294
8147,328.42923779544134
17903,504.24395918225827
16077,388.84252633853777
4165,375.0545988869691
9788,357.6441579918927
6617,550.8212388161946
18663,1034.6713996290573
8094,98.43198957998352
14008,195.84272772218387
20156,111.9987329245022
12848,318.3670874407113
13587,562.4688048336678
4785,178.7653911805173
12793,544.9323608121374
13229,175.15970678009987
16755,244.0179534588665
12585,358.8462458035162
11525,401.28259639626305
1779,433.1348424948695
6348,135.41965977278136
14941,464.7050514776726
8480,262.4684420023875
11108,319.48549082347984
13829,420.24610964459947
19559,253.23396474862452
17209,255.85727708682998
1971,1034.546879200748
13770,554.0312491073846
12516,327.42834789855016
17987,894.4915647154012
2493,190.91709010951874
1850,274.69894322848705
11075,477.19623676385925
8122,620.406846319295
13435,373.52245927195924
14816,455.2423497894235
12142,215.84028180330677
17477,325.85062404069123
7614,204.61916733737206
13656,514.995053305715
14049,350.8374665945592
11232,172.00007016911349
11358,191.08820376285834
8912,452.4928284473468
16682,861.3012509013483
12456,277.7199717159386
6866,413.5736269927586
8883,165.26621954302578
17119,4.045153108493778
20275,1064.6782048380046
1198,140.43165481501694
20071,245.4365942806878
16162,397.58628501443235
20486,616.0386475749918
2850,1046.2594004498812
20496,471.95840680325614
14781,347.22781843681514
18776,248.48746803245527
18812,360.72565970087646
19579,1117.7187042196983
6388,592.4824143174817
11367,256.70385605070726
15469,669.9895326086923
6232,207.22153297330516
18866,332.5394258012873
1834,495.4947856208421
16473,339.1996903885093
6811,583.3604074537438
8484,248.4465957034897
7825,304.347576058778
5461,674.6967313975613
18482,905.0627569175522
4418,598.7579203591392
16763,460.5749667359208
17201,540.6738585773018
11429,394.1960310543937
8079,394.39077195433237
11746,1310.9889966929175
6075,340.3082109445378
20396,707.709300954591
19072,164.15427507310608
10041,331.1155292648717
4724,483.84051200761104
15241,326.4172683895209
1923,282.32662458317014
7681,389.2484992582115
7193,245.375121867694
4956,487.57536593748824
10470,269.3658982048854
15270,393.66668095343823
8191,193.66319960367107
17953,114.37962807985133
5876,628.7586595260312
8993,482.6063887676718
10439,331.3998397967029
13335,583.5161493191158
15320,659.3359675719632
11894,1182.7175599252328
13803,756.7330114548116
6231,398.9849783254429
2301,270.72976294649754
14685,2050.2293287110597
3793,626.7479983440791
3894,1636.6175204718056
18939,146.4726104898207
14054,430.9440308198424
3676,435.39297917577863
4582,1056.5007965107939
610,601.5661259487156
19528,285.0481665721756
19357,712.552067969197
4908,297.58534114285885
15700,327.62543832130416
18874,172.4110456818255
13776,761.1844972348206
13862,487.64350464114017
12584,900.3892933681032
12312,581.0697517329484
15637,703.0950799543158
5210,487.66837357961253
186,1308.0866423782968
19202,288.4804398275695
5041,292.36680333579926
4078,214.8660816542148
7198,642.5182941752616
14076,419.4793608996121
16748,406.6173379929782
5273,254.47435967012265
16161,525.0238601411872
7439,321.68432794849525
11690,447.5737374663443
10376,503.3369020486915
4443,457.1924672330422
7278,543.3625578050627
7890,809.3960385446674
13164,800.750637392147
3779,336.05745267803604
11617,310.20708743450143
1571,255.0867753326341
11234,518.6894239257398
8151,302.0905837762356
7692,322.83483890909156
8966,359.4878790076371
9867,482.78731039719037
7888,401.63079162106635
4127,375.57091917916097
1633,169.14869529582913
11845,80.75645529560116
11531,493.70225342789365
58,294.56851201136305
10195,324.9521064647504
1032,218.41380059153065
16802,419.29180459870264
18586,319.75891754394155
1083,203.22604024571586
18011,256.016203359506
9452,480.09120603156254
14714,343.1178784439106
11500,573.0643164231371
18017,402.13581484666224
12667,501.10798756406587
16515,547.9209729052816
19028,354.4018825846583
16818,413.9655879256236
13349,589.3387440700787
17885,630.9232274790919
3427,323.0676613489089
7566,442.09920011643374
17609,214.37966780636117
14641,489.2330536646857
18538,404.71270548950713
19634,103.28711280387401
2904,44.61483099200145
5594,382.2965050372692
15913,311.64731193507976
2027,435.0807970725009
13180,1216.4460836707522
11277,922.1902392174306
6706,2285.439933521199
19615,397.3839945720075
9845,446.220580351758
8010,464.1192103981816
2107,383.9157348577006
6783,218.45222572769023
7955,440.8612988288868
9619,609.171486675488
2222,360.32758451907387
12400,813.3891056426539
20163,118.82681207435263
12856,247.81500481795038
1245,1128.951221740686
10036,397.0520742893535
4536,427.53357668137744
4509,284.02752864961866
17157,143.25804908838518
11,382.1043963698878
6930,557.4268475966007
6541,355.35239492152664
10964,348.00762128224926
20228,195.40645529878248
17122,192.66426376264025
17483,540.4901352722075
9610,457.05044183205416
9849,737.4615870717238
2812,365.3623771924915
1484,709.139672964039
13141,367.4364546760939
18163,441.10638483915614
15075,295.7727969161998
12575,359.4000304009985
19324,610.4431775636955
8886,350.88176040171146
6569,305.20346750989285
423,417.3608911084419
8989,583.5390118771131
608,246.29389740363573
14389,123.40742792745965
14662,326.28451176310523
5790,365.81504855079754
10249,256.95369474301833
12834,289.3199019807389
10982,385.7375400218374
11090,11.827195180213694
13911,320.31015267952307
5300,1306.752043064262
9501,430.16800974137794
15689,689.5161296476944
2228,557.4277777709456
6526,257.3491608326076
13524,542.9804362297305
15357,719.8074425709394
2487,316.7140322826195
3859,99.14783895324214
2124,489.08615412949257
17924,111.54416095815093
5327,344.8229150688755
12216,4679.074140307999
5660,516.5817576384181
3101,234.52871461287734
20434,685.760564935088
8423,648.5825073936462
11156,480.67538386737414
19809,480.26861715228415
17367,303.70766837412793
19810,241.92586101268031
10656,243.03783758323888
1161,171.24939944915332
18547,652.6695661049699
14333,539.2924034194443
15785,372.45233108148386
12075,1143.6746207626666
20243,682.7283257880582
11672,709.6257690844358
9805,506.6310847696366
3348,184.88475111744134
14168,614.0728022279249
1387,407.784423297968
216,678.1742929968949
5044,868.4991669249299
17455,288.23833828551875
20099,193.76798409971252
12917,792.0825595792365
5228,236.5198823629733
11789,244.841051534389
1455,274.5137431917182
13151,397.3990825544639
8379,427.14854208994007
18464,145.25531969141934
8634,263.2236047392222
18146,440.0792839909051
2996,1318.1680153880818
20164,53.6200562878572
17755,1538.8936685515905
12079,151.39177019445665
8910,227.50039821870655
19146,289.06059246068776
9301,1393.2474962951896
3920,798.2046951624552
6246,443.7556150913185
6715,415.7460265836498
5169,492.25448561664405
9098,546.6710013280438
15251,519.780693167587
7052,526.4541166368034
2993,258.0376450654199
3828,1136.624731150426
6426,219.39114049994936
13699,556.3105679287382
14143,657.5485316017674
9425,283.1911230867489
12188,171.44548423260375
14010,197.14019311061085
1737,191.04174354644795
4909,259.65190276074117
7096,669.2732773633613
2973,237.1090712214291
8824,734.4949165111227
14709,328.5459732430925
2168,590.2202737254854
3142,501.9456766608498
2291,596.4066844930428
14104,559.2168224631228
2514,745.2654094184084
5285,596.7940464578335
14210,1833.8302964388618
19361,492.8126162492408
17446,313.43186431689907
12050,206.6941899502234
6909,195.08834559159817
2190,247.4725222756329
4283,629.229613518758
3915,159.30229661226963
14470,253.42639791221902
7319,791.8482842399426
5834,311.1603255006153
6145,660.1958675332692
13260,1566.50518073237
17248,378.949547458658
9708,422.44770829143016
15171,319.32383727184856
18171,382.4389898137145
6502,170.50161566044724
5619,21.985354016874204
20350,21.517702136822074
10783,289.82157534071865
15354,598.796666111693
12859,209.2035742667968
510,360.21393936764093
837,609.4539097884411
9912,16.33153110050398
2444,396.6538185620165
7002,688.8726262760251
1558,412.5700923715416
6731,402.4237765444089
3935,567.7799036426211
20145,321.46259035490215
14256,342.612814904097
15502,645.5949795097285
8755,14.627568196647397
17811,726.6392427616779
5364,312.5931805228702
1350,282.45396081153444
14485,181.0045800790188
18728,758.0841996916598
18888,449.0914987344048
3072,388.55047400177216
7059,426.7135074011365
6739,267.9386916356998
222,415.25696108225685
14220,383.31786200956856
612,506.15666504911644
19777,329.2714853856249
7546,274.5937751428615
4411,381.1586354032647
13610,628.0636193522082
13123,303.50797126672626
19791,493.38207383010274
7277,552.0396914803198
16605,580.5625992024605
12270,681.168929909996
20491,225.22300325062963
13078,532.667931281884
18618,865.8250190460416
16198,477.856997200153
3606,255.16619727188598
8401,186.6547434554377
6118,205.18767869321584
11212,643.0159289829237
10598,328.3092080722102
7044,844.6303134028348
9727,270.0215270242274
2032,950.3802625050571
16669,791.3464956377279
3628,318.5661595538865
12755,131.55994361148188
7172,234.2484656132507
957,537.3713059303452
12081,333.7006412839451
4374,347.9400701475433
8240,557.6989452554287
7144,662.0881132265016
13350,880.9355276861118
10565,359.10117092786027
10630,306.4112413603233
18485,523.7016558784009
15480,84.63761428994316
13144,233.47260533842422
4759,632.5328044539954
2634,277.46694543390294
14659,151.19814961722867
18961,246.85589971355455
8986,4311.383373171891
19755,449.2747085462593
11853,90.15304290842988
20302,624.1029765411934
4340,170.06374575060656
20606,609.9165982383336
7947,361.98134767996214
5519,176.4098187491116
19051,295.51546924702706
6187,605.8119995921859
13105,642.1807359276564
20006,390.2770234952094
7399,403.01026118125253
7342,584.2194588600224
13017,945.5700628202203
17015,687.7671567203103
6742,800.1442833330441
12952,1087.8565513477936
15971,1189.5551139430995
18593,187.64960906931358
12643,297.198139821249
20317,1678.3253131626395
705,836.3870159002317
8844,966.2733187705572
19040,28.027524125474592
6799,146.29861549521314
15483,205.83430809810307
17506,218.6621368438004
2480,623.9352645685742
972,276.1202112517073
20512,459.9302382599933
6422,202.84086344119774
1895,308.4457540196433
16115,568.0315995512267
10569,349.7829008492199
11916,371.1199503957266
7885,798.9522900315908
4639,901.1062259322753
6693,264.5394199359936
5462,357.7184992495549
14763,303.7638107807942
9974,254.17678932088484
10940,167.17852108752143
3690,675.7281234657455
2093,518.6698606189109
3140,271.03611637208587
17021,417.8568132093161
8038,459.74332380626953
8017,275.10063439803287
12332,263.68781232165793
6413,280.7497937678589
19539,1055.7432396305974
16507,211.79670210559618
3020,162.3432377532742
10686,531.9056796898167
9371,60.05794290655392
1320,518.2719570223479
20377,206.22385543919336
7127,604.2916151074328
15310,225.9761728736128
10832,394.68756137640685
18752,425.2792821726053
4650,572.3338790505803
4617,2376.439682590568
16276,414.5986442798643
3976,382.8771075760394
1007,497.07034881988625
12111,703.0955826659541
133,420.9696776824484
11812,341.0985888623183
1412,647.2486777712326
6716,445.4082514041978
7415,542.1153366471241
5698,267.1201255703551
3922,153.24648919546718
16052,519.271372434673
6733,232.51993924452353
7139,361.9779878631692
19491,307.68575861416025
4730,263.1714751765068
776,448.3627671668534
18969,424.20702243012954
18715,1206.3760376092323
6326,488.694860536153
13926,42.83886765834766
20102,71.44594612196283
203,448.6199528115415
17448,349.6327905839581
6210,253.65545613542466
20369,614.7557671364686
13853,867.3269693465141
13283,450.0492903183297
19310,375.3204259874384
8541,656.149705282137
16190,414.00119809215295
2053,421.0799231842423
14966,599.5683900037538
10987,543.0930286863169
17558,352.53609630966776
7555,377.3141494868199
11680,363.8582793668015
643,333.4039567545582
20602,106.90899938253105
10139,240.11037744715156
11179,167.85930738852187
7146,85.44068104379909
804,380.8442936320542
11436,343.00627073339217
11301,940.5780900563554
19428,18.91160117506453
4974,396.70173509823735
12110,2925.314129298455
18322,185.47826621354523
8792,625.2981441657478
9514,241.54166628132012
396,851.2362076214629
8671,536.8428931990005
1400,1413.7829771666911
20422,623.7293304263889
5048,440.594753480961
8921,535.9555902954834
10884,243.3685737951372
8111,182.92591993550323
9297,1098.098020360504
19336,821.9137856011914
882,1188.2326973824852
17270,411.3325216241345
20268,322.033808389241
2873,308.37725425235345
9944,812.3965736895159
17726,527.3142259295439
20597,342.9377141198398
4288,1209.231488272227
13995,1069.2613886386825
18462,48.405188425866285
9238,504.6568279198616
4955,444.886524063579
15189,874.0735469313563
20534,945.5775490686019
9847,322.12419693865786
13140,5851.2808972805915
6775,358.122963043432
10338,481.16975454646996
14348,225.17755300728248
11694,557.1867896223921
7986,1492.0895519744577
5653,630.3645276583319
9066,191.2278160534432
198,280.7057815191094
18252,258.3217936978439
10340,155.00885687507184
17422,128.65581806107485
532,207.8968518207112
16593,383.9755392118838
20207,271.8617257093738
18730,451.373853734194
10749,512.0073670257249
11310,513.3265895487726
6520,956.8770654665475
8394,841.6603019924825
16057,445.62953668457334
4104,564.7525930684933
7592,262.2572581339647
15688,730.3141481213488
14799,497.3885078297219
7060,344.9908170012645
3906,823.3606516749431
18160,332.54208226995786
20290,423.73247007747375
19314,395.4898129876704
19199,282.59988009487654
15220,1496.752910392592
16898,389.5841298557218
10244,411.34766195863665
17135,355.44583436011715
16106,121.92278704365745
19769,162.74879501015596
4034,281.2532207632419
9987,228.64737892860947
16045,175.25810686480025
13474,11.572830925566759
8307,401.9627336273809
14822,71.14309833447032
6856,852.5880276212938
18804,534.7109181455052
6453,874.1459524028012
14852,704.3778571054311
14858,206.23836438719707
17616,352.97666640084424
6983,282.133222751612
9444,35.676403859163564
2682,355.01408284437764
2434,302.494633938402
9075,425.5603408297254
11968,298.0427862368993
13923,74.99510452612988
13550,260.4034170601405
20492,579.4005281025354
3338,429.58204434821744
9367,254.93267466636675
15546,480.7885510246536
11545,269.20894928887094
4200,28.409292236350026
7116,618.0167390751789
8938,417.3039431620148
17564,369.5904378216585
10038,276.13423915616323
20482,136.09118048162998
16116,362.1915003611718
1593,133.75010030572588
6272,769.6416642587877
2277,411.9693080351278
13324,222.75027342139606
16199,462.0610844562848
6070,594.033429432361
9375,142.40828697343028
6138,485.2522823433852
1755,486.68130311359863
11883,689.2865101783073
16344,430.8706238542576
12925,385.64713069032484
14508,668.0416551130963
4660,427.20303529995005
3299,367.6284428047376
2376,220.13605273810708
16860,19.84388499529476
1528,687.4152528133612
15437,745.8683736741618
4254,2177.9681671127155
14827,190.80803590117742
4345,126.06403153776446
13230,462.35749037177595
11270,644.862256068918
1487,347.54266795082225
14992,559.799420362853
2663,518.5725473114599
19900,495.2303448047535
13941,1242.408765381278
14439,414.1938496805029
432,367.71119917333
11961,2428.7024900839124
9890,184.60670293038996
2608,303.51142021901666
12426,503.44215359682755
18823,353.47282174835186
19836,327.71779207841456
13356,360.8582976036087
15057,1140.9555958414396
11473,923.9571562415439
7518,214.25235083852175
12973,630.9047945017204
11092,718.303422994258
17207,269.76206282746585
5381,258.2621256951583
2321,504.6361750298472
5961,439.99294806896796
18103,260.49768316964094
13742,325.4596316427636
860,740.2964585713564
7428,194.00257609258034
12903,742.766193366797
2611,331.026281024228
16203,374.01747241263854
16443,291.25293661788265
11337,317.91174998347236
15146,483.4496610972267
3438,247.16263378421996
4560,37.28538542802648
14895,925.4407978783146
17631,326.87039524346505
14130,469.66564646762254
9480,298.84851459547144
15427,581.4658161175154
11963,369.76513228456935
1942,567.7108145962184
18363,472.3590048307116
6593,265.43163998898245
20028,400.5200669095849
8659,766.6018054008156
2030,280.36957833498826
14737,413.9151999604835
1982,226.6847894409601
2428,361.9335108094335
18556,382.62858628401835
15768,534.5011845255351
19929,406.21735083526994
2244,428.11152903886193
18575,515.8951206151535
15681,269.67498038168253
14214,206.2292016010815
19722,138.76485058239197
15868,380.88819197225143
15074,518.804578900368
13308,566.5155085335152
15912,538.2947804844866
8771,120.80341162261672
14542,407.4971589818733
7630,515.2303606845333
407,255.19484222688462
13299,232.12199527817302
9564,681.2461063886952
1436,299.3250997343676
4111,307.0964637672477
7940,235.26528225690623
18021,230.34100203783441
8338,88.95701247134252
13246,420.9286482692068
8797,967.611190022114
2768,409.08930621114325
12181,662.0131651393685
11431,592.6083886580358
9553,471.1338127355343
13815,237.89760620785165
8143,188.79089892527827
19472,239.65617475801693
6647,416.3926567633919
6073,160.48337365266124
2246,589.4612621307583
19041,272.65110296343914
1010,193.16592026966077
8701,515.6487545524184
6957,215.76909442945066
8248,355.8589515646025
8121,437.94864123703405
3742,82.86001764984928
4674,283.25514046742666
10317,591.6518577885955
4719,962.0194908082975
3178,1812.545596966477
278,220.23089756114592
6181,316.2910823289004
15336,242.78427707518495
17486,417.8344680243778
4567,229.16545860664786
14023,1295.8684751071323
18756,388.659930578851
12502,319.64285446697426
5400,368.31562424311073
16723,483.40363679501513
14108,176.58560076412664
20068,379.0918003002663
1736,291.59732375295187
4732,169.41960609985142
6428,360.33606399244684
19286,333.56850352482826
8402,422.90893670215013
11993,59.77037777153159
4713,556.7230195868659
10933,605.2634836824379
11837,817.0295026728361
14802,641.9358698143961
20527,275.19053264387117
15891,29.366624605274886
19863,618.671112532109
19558,913.7520111204637
915,910.0190888035013
2906,349.88515225494825
7478,413.4961263387605
16974,320.2690058543943
7782,1117.41021094553
16319,682.655263033152
7785,457.4656636513776
4540,338.0124219740797
11454,474.2668034718439
6855,224.84348875831574
8519,236.69684783434639
6605,234.75526671036317
17286,271.7485988663119
5256,485.22081134367136
2081,374.28846451506377
1751,322.0425451355862
930,515.2811066913479
3616,231.07613021501209
13377,1200.1986102054564
17080,158.64041491795305
10652,627.672994144846
16720,444.5866541360059
20191,531.5971463448886
19432,537.8869564198761
12509,565.4483915105072
16179,331.8842245221081
4721,481.87527715380696
4810,497.62757498650495
15604,736.0158695696414
3513,339.87229011496896
16324,560.7898416297951
20370,176.6085200079293
1630,237.92586455130285
3934,249.25065025280793
11946,1190.9021093274039
16013,257.79138159269394
19905,502.4680515990978
4322,184.2128715920633
12285,394.0464016722225
15300,963.423701036011
12770,226.37647085699547
4334,272.81816936951066
17185,280.9899725524023
18848,412.9337170610001
12466,414.26475806397906
19191,525.2554057109593
4641,714.1172301661563
939,629.4361739943971
10500,219.25862963936657
3308,298.93449876311877
647,355.2897905244784
6144,1308.0550800734331
16665,225.09289827775322
607,289.70561825220807
13289,456.3568376217474
18159,846.9553839838617
9395,679.3619203883112
9876,365.0329524144129
15763,382.3061874435521
14038,432.5923729682815
16562,444.1190700442752
2023,127.46365547706034
2138,489.0531029502392
623,181.61362404736644
19693,511.9569568555528
8161,215.53863897980557
14845,277.67598036042466
8343,329.3456456438121
5576,854.4661483544772
18267,390.42970465254905
20104,270.5505836894091
11116,334.5597677568117
11673,582.9083767912846
12067,121.88640996955682
1184,220.71210641374023
15291,1432.8179381887064
19217,248.28186405392546
17494,461.0342949150796
10514,676.7549582193003
19847,345.9059113291643
9208,152.9190482500309
14652,300.5551858386727
4378,257.51706134831295
20258,736.749375431755
18004,478.7226704651394
17180,1141.6145075403622
11067,1631.28679391058
19781,160.3642743972583
6500,370.97212761540203
12642,319.93400025111055
15983,668.133067676347
12225,175.0232549816201
18791,538.4585106954808
5867,180.39014110007219
10183,420.5968739683128
19299,427.0621533620167
6861,608.2292728125177
2760,653.6157258258559
4198,419.46502200902455
16725,426.36993621094564
5753,287.91078680183887
18319,335.7639003925036
2090,464.6746312191801
9463,457.52474927673273
15000,397.8573504951651
13268,1062.6722963380942
4891,520.9309965069157
729,356.0933012175159
4692,128.84540663871428
12628,202.81959235385204
7962,1144.9712892013956
16271,59.20492394129953
9046,117.878460180272
6639,126.37063522340264
8946,393.98917473541525
14332,84.63432948416842
19724,126.92135764059923
3449,358.9596925655734
5918,263.2277253647978
4551,205.78897735329429
19914,380.3483983353161
5442,319.16666813791073
15288,449.1630065641978
10897,673.5658244563821
13227,1576.902305120434
9946,169.5816127175688
13193,566.6848774068591
2508,401.51904592633963
5471,363.9097886455343
14629,198.50076566329426
19909,635.6264460341591
2481,398.17066589429373
19717,226.84052392317795
18054,208.85805990723446
5652,452.7751089214176
3948,225.73173882216315
12146,1457.0509285042474
12956,1227.595253213925
10095,481.2452016814492
16474,582.3498014446512
2989,391.0428427632505
4115,122.89320564180684
16626,615.6166666657207
13969,261.8648579440231
20407,246.9795382018321
17990,224.03182447737103
18412,254.7686170976533
8515,281.7562026681042
4597,769.2993493663209
687,246.20386358115465
6121,597.198771021765
16519,63.37116412254498
9782,419.77808286991353
18262,77.02601754115538
5172,196.63983311064476
5898,406.50440231659525
8848,287.68938427003343
9129,1795.3902231153425
589,554.870469214083
6114,285.9753274704044
10356,207.34848855659237
7813,193.6967641157071
5835,231.10707250123755
938,346.72134983346757
3310,116.3088245851344
8551,341.1577200709628
3151,563.742705173831
19910,359.7049386092924
17444,522.0260478366469
12714,392.1769481806432
17145,357.42494741725505
17949,362.1146973048528
17392,333.4378246535447
4132,542.6626221498583
10751,441.8005425915759
4725,368.767193764376
3371,815.8885297139035
17752,462.732976179948
8451,598.9480112226154
4768,99.7531960679919
14830,754.382543858108
14447,343.8719833498532
8153,142.6333381031283
2653,186.28930330872498
4028,485.3382003554219
16881,217.0724355229711
7189,250.09690750452188
1375,243.32434536874064
2757,935.7156071448612
18802,159.69546925045128
4366,243.27338575230172
12045,939.7175574241857
1128,484.11372511844854
18276,183.82275407192776
18294,243.36816294747643
17754,603.7630160245404
8290,577.2992184315368
10012,130.07111126438843
16611,826.3795815414579
3632,385.1685694509935
18460,608.46049808681
7396,343.98875972611967
7603,168.80179317963257
2249,879.7675304545338
9355,235.63837009746737
19113,144.8800908290525
6399,275.22120540952193
3412,889.9817375312048
16753,210.183884651981
7958,357.1858898907345
5677,670.6695644657513
17289,272.915188305876
11134,378.83485234085856
7165,388.4623492106898
456,720.3261189668148
15875,299.31755500701263
1840,216.67032499941024
3961,750.7344354416023
7929,202.07985490836995
20485,186.83528906641428
1364,366.25823829976173
7512,1075.9783603820872
2793,361.3636349977568
12718,141.3881991945388
3615,105.27343825505922
4106,579.1577158292083
20438,1617.4355380640632
13608,1747.0199895543078
2733,312.0642505789237
9842,358.7634894349238
6129,29.86084866078193
10090,344.5356923787948
6029,306.35561322175175
8928,779.6918108559219
9346,488.5281325903167
14219,280.9145628427036
8472,366.39106108178817
17784,268.16691256685107
8899,643.8271522691939
7620,1371.0239044934913
17880,837.003828693677
7541,537.8423590097462
19983,687.7119609370327
11724,414.51071124797215
245,685.4529806766844
14309,349.9302467037293
3429,288.564805559972
122,46.95543028481498
17995,638.5487483909873
6212,131.4947588525505
5979,523.8809077389418
9856,913.8168612989789
7524,168.66613402522987
10133,480.72413560899804
12242,564.709161110423
12381,675.867423220489
15205,217.14170514304715
17844,610.3125447570728
14907,227.6924744363958
15184,2122.3648070504373
5434,558.877542492865
11498,726.8048607124645
8505,283.5659675846767
10082,273.8228844251224
16975,285.5849309598889
11644,614.5478937821873
14258,513.3033635195719
6999,481.8820701657003
5903,486.0877626300422
3373,652.8807958775966
11880,492.35922436893884
7222,315.98751286807277
2342,412.56521101463954
1744,474.51143778329333
18994,540.5713953276861
15118,2303.065745198202
14984,216.33208421391743
10050,108.02856308131352
7978,562.0059481969836
17442,488.7177134638879
1573,398.7754721460931
12790,634.4637560669353
14920,152.32635632150206
878,488.4100917802037
478,382.1044386102995
18275,280.5454768265783
6355,487.3821934727444
11289,192.30396579845387
1127,442.7506938648064
2237,1080.3818757241197
16799,262.83178304679194
20510,1044.1080445612854
15926,471.3739118543854
4837,182.15672175060143
917,511.4769931207103
741,303.25305111797053
16536,47.4865484665673
13989,982.9698553598015
3527,387.80436067944225
17966,781.7838217102216
13720,236.7192350992392
16643,629.8507207145567
17677,1394.731536714362
13513,293.66878722432244
12262,568.628184050313
15550,336.03264058653434
2269,393.04658389115986
8109,536.4806358268812
1452,274.79926831780324
836,283.0000026687704
18497,991.6725090744949
6085,313.25676732479354
19675,573.3912146636319
8357,285.0282627740301
20590,357.16180474093164
5771,312.6000880577135
19765,424.66005517298777
977,380.9169649602817
2603,283.39585700261784
10879,386.18025223058885
9142,483.6971887877721
6685,254.2451633022515
6007,338.7732985447395
11394,263.2604709099922
10675,490.54255191752316
5182,248.18430607641068
3665,321.8432372077548
15944,566.4086441956904
13331,362.945986393563
20617,403.2801813283064
6393,288.7887815518781
4853,84.90966708476665
5421,229.11448229770687
8926,668.537246032002
10062,386.7870535224337
4455,87.95321699707013
6009,230.18059903348393
1621,698.5041223803831
19279,450.02265260166195
6008,371.4980589666507
13708,334.5613037423144
17862,837.8522479653194
7928,299.6068435748545
7392,230.77436291738417
12741,1036.3813658178062
13906,1092.3287643095505
17273,276.9090626537904
16261,193.0602522008769
11089,287.74839806679086
17695,515.8637548290416
16039,149.2522932958467
15497,1308.933129240283
19916,354.6402656538439
11736,658.5151525427309
9274,188.01370067784055
13734,290.07241081692575
15248,485.021849873627
15834,542.616726578077
13620,137.84480151928264
19936,423.04538291064375
14724,356.47912494969546
11413,615.6783894436516
4843,1032.5176669321386
774,301.98377130908494
7070,277.0000065322356
15030,544.9935029784747
292,174.14087086028545
5562,395.66310300144494
10628,594.1971498526356
129,630.5956463297699
13327,545.7204230734783
19716,636.7611601516468
14194,803.0325848871531
19647,217.45965760549828
5766,1080.7935421987806
314,371.16928566602024
9832,728.0405066438518
11996,627.1111427922757
18924,1114.1656180668017
13707,209.19650285078228
14401,255.090301382594
12675,1517.1223325839767
1253,313.17888974508037
2051,558.8992730112379
17722,514.0259142012036
17155,874.1181222969115
20026,470.57253900073306
4056,1197.5627173504495
15896,322.689510377116
13954,804.581022695796
15928,417.3184859763942
6531,596.68201176598
18263,174.25705522895902
17403,768.2007837865444
19052,275.2048231671194
10745,135.46287680943104
15256,342.1814469779416
267,393.2873187302692
12399,388.1845674173626
10596,291.6151032217938
10053,161.81016661143084
15400,617.483950189137
15967,655.784326796818
12232,1076.9513642621382
4365,518.1796306837713
4368,634.7975981717846
12969,382.3729579720091
19366,550.3020447819159
101,1155.9598706230104
5382,185.40880933474836
904,672.5249367099468
15384,792.9656024007163
12866,342.32342516292954
9336,267.3730335051916
12944,254.81406367720842
15770,1050.533267626472
271,71.68544579449717
14213,809.5859753458307
19851,334.67588674472955
18616,518.9397011002725
17343,389.3811408803058
7628,180.79237387879027
18501,120.86478845227107
354,198.38353373581973
14101,332.0976474032417
8260,358.95556439638665
14372,607.8436608193382
15362,434.21591118251973
4966,447.1749802835956
1903,478.685665374849
4531,754.0953557043706
14277,378.9553796396823
18234,869.9034835175844
9070,451.0276103181424
19053,308.8467044157862
19034,1374.2769993496524
11628,370.92675767957587
14592,364.2368436493908
10837,411.6467161017886
1150,166.38168008358969
15359,397.42868205294695
15352,421.8918002999564
1071,901.3993184721189
409,304.85550951642927
20266,676.1612406935444
17151,380.64830087303835
8415,308.7367086371007
661,231.6434803195298
66,197.87550857464822
5875,263.3319650692464
2441,424.8263459483986
11664,322.52568396838467
19870,203.99732790266353
6786,633.4431647459808
1201,214.83806262875473
6173,282.50369861102274
17126,298.4532391356195
8924,197.0134596714411
12041,1820.1225433394052
19369,447.4831264025784
13500,381.68503428797953
9412,840.3319537876853
14489,380.744266018788
7763,203.72102224849942
10334,301.5158006058067
2063,346.96750731773676
4015,699.5272704133663
5470,578.5979523715431
16602,491.80788822048896
19903,462.06166480253387
7166,463.4091600588566
10779,324.22638023122215
12268,1856.885805617057
15783,115.4469968351627
11551,789.9719404429636
15836,493.399642871741
1938,362.0023488209315
1783,219.35502954797585
7470,326.7585444955936
15204,2341.4250177642443
19007,655.5222376613998
8285,585.9694620393077
3064,410.3273730618895
10870,318.708704575042
9756,561.2128661405918
12018,488.18810315170583
2278,226.82933945333798
16850,212.13883305408106
19373,672.8888280584738
1378,335.2055535822598
5772,579.3042086344734
7846,389.7641388056835
20411,472.1407210045402
7751,265.05294593576366
20001,188.25791226425838
8411,622.1810357661386
5128,174.69329340950043
4495,116.70299416766925
16143,659.4252072781137
4634,1458.3316667147635
2577,416.7564077201451
1311,851.4041714312727
7367,518.6372035948161
16972,121.74196260275804
10100,598.6539118146728
5487,427.74773233836214
12931,489.652224579915
2823,710.6289269403949
10709,435.58087907296897
18313,584.7503614010692
19362,633.7463732761968
17112,289.8147029840474
18543,201.2586929399792
4246,243.35474636670818
3265,166.87582463386167
1663,378.82618410837233
8947,586.5638749930905
14017,504.18033486096994
17769,867.656191855398
10912,130.10198445049616
19543,7.554841064808725
20605,908.2910631927873
20365,406.1395423001046
15040,304.26772269954415
2978,727.8947360707499
11603,851.3869374514222
11152,142.4990506272554
1836,416.2112116894567
20167,816.7283129374074
17535,329.24189054181596
8055,668.6935048939487
11632,423.67974478780354
131,448.0854599136621
20118,430.010839672128
19595,207.2322365600546
12835,523.5320454399574
10066,637.8019908139061
4167,561.2494741867864
4199,891.9735513017889
5520,457.1088752051062
7976,306.94706757613994
16331,71.30766375086759
19500,721.9549251495025
14867,419.36362496433696
7111,408.51574354586865
2229,229.3910791405362
16801,409.9829812721462
1537,761.3926211700661
5885,343.4026202352667
19175,143.2268906245127
16740,793.432006755451
14286,384.13671543932935
6195,336.73953278574993
17412,490.4194498468023
3937,682.2772821187752
1102,680.0683348868567
6133,116.75423293494535
1427,566.0675444344187
5486,247.10829897028242
11167,464.6388766761705
9765,422.4161086168561
4911,395.89786893154803
14403,203.48757449354122
1651,713.3088439496611
13082,1081.644119644216
13558,469.6766341807975
11964,225.77039123848573
15065,242.51444769633935
644,356.7994765585276
7080,452.0462723007215
3682,523.2643635307593
9575,566.2174357935535
2446,113.0781322971155
1334,834.1832553383597
11464,429.501342433956
12590,430.6811419069037
7474,634.1516763932095
15972,452.01639940184464
6296,510.6374194665543
10089,247.3494231494192
10914,552.9814750190774
2258,660.2783024057253
12482,381.0580993498034
11978,333.09584131953056
15632,507.0612957226557
8368,458.58794740641855
17848,644.3177270568407
4819,534.684907293688
5061,533.6823793026565
19829,293.00637759137237
13629,434.45220089984036
18126,633.6656549903475
18669,873.7996898866818
7506,300.3502620679213
10343,567.8387995735509
18040,605.9234990671391
4102,201.24367515340967
6032,499.3378646250152
8269,382.72425395371795
12298,666.6269202114572
3809,717.0263446946327
14879,254.154461149363
17104,648.9702230663518
12060,432.6876877323521
3114,1033.3328852459495
7564,554.4412482206337
18099,853.3401256098199
14182,357.2901584859704
15777,741.0447931181257
16380,719.7759367914241
20589,415.9694337857633
13317,1535.3489374535097
2976,1999.7250075334575
2248,948.6840162902794
13873,664.2855549182455
12101,578.7193569831554
15403,296.81401512531863
9353,466.34491268048515
11251,352.39150055354327
12510,508.1197659433545
5239,126.79427999075085
5058,930.7555446433316
13073,239.7734236989079
4133,543.3490013694619
13917,597.5542741190678
9318,714.1307629300163
15313,504.36165289275567
791,240.96932401631247
6002,537.1468249796925
159,343.12217354366294
4080,746.4636697193156
8992,231.3111456303102
7098,202.5669837931207
1488,570.7723975802913
11938,407.24632706457106
2946,133.9045996213688
5455,241.5121114308145
7040,208.50308737215778
3136,591.5052348362167
6311,1014.0581978856344
14007,200.29947572019904
10405,206.8547005757414
15381,312.07700768469203
9022,389.35635254283784
17552,1640.9903278919019
14325,156.74081293556455
19238,239.3526045223344
10444,414.7617751001115
3679,323.57547033243344
14266,374.3396873646927
19846,380.6628061016802
11563,721.7477979981529
8620,439.1334383830015
15092,470.9318096575253
18289,475.00179545798113
10037,53.47893596724487
12354,997.7682512127386
20619,236.6316606678494
9694,1623.658708714906
2305,441.5882340666827
17820,11.673061903797068
8689,203.4183945184731
1644,231.3896319656883
10127,635.2407840409297
7684,196.8252446703866
5713,359.797226050335
10666,331.4917687421305
7452,190.3691884679656
11100,595.8134482268617
280,240.73234764337158
5127,318.8670494056996
14695,659.3296662247619
11896,338.561978324819
6271,365.7717060491391
3012,144.77918911284914
14472,1549.1530461345126
15115,1948.614316246079
10669,548.3236666921676
19695,201.60749242623064
3392,223.11603643161124
8145,432.3654586558187
13905,1034.759632439678
10377,924.2927768597385
3785,500.67271952374165
11011,403.6322889211338
4131,430.2893855952293
10212,200.39010286206934
4181,274.77310426152917
14590,531.9287776859859
18258,583.0923498750572
13497,336.12944318479543
9033,548.092876180735
17332,297.2310991365249
16215,314.91011979847826
12157,1091.60970112869
7088,439.899996952192
14218,798.7085341012682
10981,524.8805310104478
9039,265.52890739222977
5493,1983.311588444994
9459,410.48314868874985
13953,150.94659875507116
12438,194.71909604335488
10801,341.9642714366528
20588,312.5827727794601
5005,291.44521363251323
18309,399.8262570872057
16927,237.98824779511568
19458,641.3556847315857
1701,2267.1735700582904
11452,629.2929370485496
16512,407.53826581369873
14679,773.1292640589705
9640,568.7898622145419
19782,375.54257782713984
14577,308.290026599665
14811,304.69365516785666
10083,219.1684003720169
5016,414.7814214155103
5223,183.71816435078736
1142,496.65366509076614
667,296.92966286040837
16491,279.8352710912578
9649,21.84204157863695
1771,415.1236090498005
8066,292.1281085056272
10460,516.453393272235
7920,513.8833401288036
13481,420.39499793245346
885,328.5281817364224
16790,1227.2715174966168
14119,579.1524902616278
7768,113.8574224241647
14630,970.4533392691187
9235,247.69963639415505
4098,228.15388842380847
4686,210.7057289231154
7160,328.9164620756433
19622,72.51817309383213
20165,504.14033981736213
12221,123.5120881098315
5295,633.7973838279978
17397,412.99850651343354
20465,258.31306971486435
1684,602.1482439006672
11382,163.6037645279358
16301,116.66707788570946
20443,245.94718530277885
11918,258.15413637994874
1622,248.21189384234594
4830,550.559618294378
7897,585.8011800481004
5484,408.3865762635172
7548,105.49286773582394
7557,264.98672774251065
17641,564.0436759475627
11076,752.2545984240666
6172,394.7815372325541
17595,106.89377248055418
19236,427.6035271784916
848,702.6473812799479
16394,46.103234326678496
15716,385.7174851058862
7709,308.68938689252263
10295,1157.872252635484
18903,545.4009237390356
9356,54.65821231669027
5728,439.7983798500382
18577,322.8535035003857
15076,357.50013016770515
4511,264.7253083385496
5552,828.8169972360974
5969,1863.851668355501
16948,624.8387483587246
8312,1032.1486752149874
18291,169.5840043203387
20574,158.957809239187
1548,833.6762531508226
2516,752.6079598021652
619,703.5352194003653
6736,224.84639789460178
3900,270.4328427629116
6018,575.4250697185761
638,472.31814761710734
6123,585.8647027146917
7276,308.45987729141154
6825,626.6625400284139
6696,307.9405215181828
12227,82.26136534680744
2264,223.26964883163402
92,136.86928731277834
14874,412.8055516985903
2470,338.4700713683963
14385,241.017999651149
6068,993.2654524786076
3854,423.24200175965524
3634,284.54247501617226
2853,390.90903523515624
15685,512.6288304700304
12721,366.6352138957494
10404,1214.7052518120759
13988,599.9637306839043
18407,599.697404696046
15697,391.1057711751404
812,293.90506412896013
8734,239.27714246058997
7700,227.73697851029468
5252,466.3182738680481
5662,558.3139701150408
9667,1647.231253836588
3395,286.0520740013752
12317,688.41948760028
14414,378.2564555902519
8115,541.3996265698702
14103,668.4057439931433
15289,377.82074053321287
5085,272.84294582960774
9056,704.2960316860385
5549,321.91776738498737
19880,671.026800410109
15293,901.5780052896603
17127,540.8470758271665
14341,388.99090950718795
10162,283.3684170116105
3778,1080.4573814710984
19662,434.0381734789337
13060,188.78910064189768
815,252.0428683695381
14252,551.5576492154902
19864,386.2845438057116
2132,262.14654121888543
17474,770.7772894505525
17775,641.4887522611322
9858,389.26837448648405
9476,730.555528471436
16383,377.4314152806701
16182,318.96697568518306
5809,447.239557277744
3830,1650.4899480536494
5502,440.9721344676495
19218,681.460262980992
10254,418.7928840655877
1416,963.9008380561705
7964,390.7992098903711
2656,283.2869370591229
1302,549.9507523035419
8801,1521.9211230368082
3082,505.8814178958121
5324,1266.987573360331
14280,234.7702796818014
19280,256.8504627645245
14274,383.0157403896281
2739,196.56479331999148
8864,204.40551126517502
6744,486.20373050015445
16140,495.620199091699
11319,503.9337700323748
688,239.29388624800185
3765,572.4177247644449
20522,550.2477521528201
846,269.7649380418062
14824,67.47178812487707
13540,182.62125476456242
7913,481.075160918793
2126,312.7414078634708
16853,305.76992441140567
6804,428.2104450243678
2557,325.04714355023737
5244,275.23483739308233
18904,645.865679886547
15696,502.03631009010496
7192,195.25396814148888
10386,292.1243647776278
9016,1415.1998048057976
10288,360.1518734748007
2450,393.3921711750892
9836,152.37146559216106
370,254.49201543969275
8908,733.290265727517
18742,413.4635965728425
3916,260.45029216448796
15815,923.2340352204099
10335,740.4418850942371
15941,408.42617375351887
668,211.29498409763903
7369,411.5969694468928
14515,354.27163481244236
1658,809.716824036617
12877,534.6469381901079
3667,33.69557459190289
8917,727.9318542673067
14887,407.2728884584243
12009,894.8812983524692
18231,161.9892636348043
10265,635.4557952596117
89,38.86756031857464
10560,491.9707396738719
13416,459.41252478163835
920,1066.5929452012701
6456,350.74367462682403
6025,1096.189748750832
15449,543.592667173405
2259,345.5700501086133
11891,258.3320102745753
5757,246.2358428050366
10325,475.5950012006641
57,252.38189457641113
15516,399.0309905898264
19893,159.96997902880037
20362,273.81066520916437
13884,1055.465845649474
16117,424.78153142530965
5205,357.30206462914555
3713,209.40235519130675
5871,532.5685014822238
2659,436.5382607445452
14593,542.1608222846705
5064,236.09895315766664
9381,361.27279424626215
11003,452.0472779400251
14361,470.13360933380625
11148,183.50748664802023
2931,219.10808664232644
16989,737.7431712599117
19732,116.32557061965471
11704,317.54763074038453
1114,488.579556236887
14981,655.1748719808097
20595,290.79419260922214
2814,355.7396859155754
5501,451.62521217344613
9178,1500.3540116870126
18345,731.7510322261161
18094,918.6840741286551
3652,312.6193501691305
3942,496.42345230198987
905,376.5352294392733
9478,444.52937308141617
15801,569.9613556699803
13965,766.5032691806447
20236,362.49273955970904
8956,377.6555456283723
5183,279.12641148655746
12085,1732.6246189136832
8916,34.18895057375394
3968,301.48433246759896
1594,727.7388366671614
13250,374.24325375016485
10490,487.64178104786345
317,137.64975832816276
17202,281.4472160746466
18565,268.6620490858878
9577,424.4868411055435
15990,598.2564262884675
6391,649.4365459896572
20024,382.68245597205544
8518,426.8641747118463
1929,331.8157215723979
16595,661.2433754501317
15886,492.076464268004
5514,217.1588776219611
11392,502.5278972583806
9981,83.78723670613697
11982,406.370630901985
14114,187.1181958190769
14917,358.8424197094835
16973,295.72145052775625
3025,173.25939869297008
12030,855.7055798770836
10717,182.78114893034711
15036,640.2513674113321
5605,569.9234716060516
7671,340.13094799711473
13554,248.03002053084924
1110,623.6633453193122
11432,670.3612188890544
18270,590.1570653879035
10045,547.015117846769
6885,1085.3546500416116
9180,296.4856854429554
6590,420.1750348674992
7121,225.47575650875567
2018,332.0076281866115
7748,347.30533594377243
18151,648.8503088013825
3106,615.5997034626712
10648,403.5968856510424
2379,525.9089980246988
18310,258.07107081839274
12978,457.21869185494086
7383,314.2275352140972
10389,398.1754558685897
9952,854.8797595537642
12065,258.81461619315183
9271,834.6862934750869
1206,273.2274150571311
5024,317.70601912325026
6938,342.28577932122266
19885,554.4859699444331
15746,908.7232797295401
11295,295.08513809807096
368,605.9625260571811
8377,1210.0926561707145
13430,1257.585525621492
4059,245.05942208849237
18448,389.6735266461484
17408,413.00354463369723
13985,113.28506571376337
17325,554.6814048831461
11197,290.25103915549386
6792,254.50704044895906
20213,316.5694255844362
14157,339.3167398442554
15299,426.3658464023514
14320,160.79490893316486
18043,680.036304113215
2350,510.85963235325187
10901,513.1569318943291
14861,441.30791329402825
2078,344.51231298468
